일자,년월,주차,분야,구분,광고주,대행사,매체,광고상품,발송건,서비스,클릭수,클릭율,DB,이슈,단가,금액,할인,광고비,DA+LMS,수수료율,대행%,대행료,영업담당,운영담당,입금예정일,부서명
2026. 1. 2,2026년1월,1주차,뷰티,대행사,스마트투엠,아이오마강남,국민카드,LMS,"50,000",,,0.00%,,,100,"5,000,000",,"5,000,000",LMS,,10.0%,"500,000",이윤희,이윤희,,광고1본부_3팀
2026. 1. 2,2026년1월,1주차,교육,대행사,드림인사이트,멀티캠퍼스,국민카드,LMS,"50,000",,,0.00%,,,100,"5,000,000",,"5,000,000",LMS,,10.0%,"500,000",박현정,박민호,,광고2본부_1팀
2026. 1. 2,2026년1월,1주차,분양,광고주,윤마루,울산 e편한세상 번영로 리더스포레,호갱노노 채널톡,카카오 채널톡,"50,000",,611,1.22%,,,200,"10,000,000",,"10,000,000",LMS,,10.0%,"1,000,000",이승미,오유진,,광고1본부_1팀
2026. 1. 5,2026년1월,2주차,교육,광고주,메가스터디,엘리하이,신세계포인트,LMS,"50,000",,816,1.63%,,,100,"5,000,000",,"5,000,000",LMS,,,,이윤희,이윤희,,광고1본부_3팀
2026. 1. 5,2026년1월,2주차,교육,광고주,천재교과서,밀크티,신세계포인트,LMS,"50,000",,687,1.37%,,,100,"5,000,000",,"5,000,000",LMS,,10.0%,"500,000",이승미,신지수,,광고1본부_1팀
2026. 1. 6,2026년1월,2주차,병의원,대행사,엠비즈플래닛,하늘안과,국민카드,LMS,"50,000",,,0.00%,,,100,"5,000,000",,"5,000,000",LMS,,15.0%,"750,000",박현정,박민호,,광고2본부_1팀
2026. 1. 6,2026년1월,2주차,교육,광고주,단비교육,캐츠잉글리시,KT,LMS,"50,000",,"2,202",4.40%,,,100,"5,000,000",,"5,000,000",LMS,,,0,이윤희,이윤희,,광고1본부_3팀
2026. 1. 6,2026년1월,2주차,교육,광고주,단비교육,캐츠잉글리시,키자니아,LMS,"25,000",,733,2.93%,,,100,"2,500,000",,"2,500,000",LMS,,,,이윤희,이윤희,,광고1본부_3팀
2026. 1. 6,2026년1월,2주차,교육,광고주,단비교육,캐츠잉글리시,베이비메모리즈,LMS,"30,000",,691,2.30%,,,120,"3,600,000",,"3,600,000",LMS,,,,이윤희,이윤희,,광고1본부_3팀
2026. 1. 6,2026년1월,2주차,교육,광고주,메가스터디,엠베스트,롯데카드,LMS,"50,000",,95,0.19%,,,100,"5,000,000",,"5,000,000",LMS,,,0,이윤희,이윤희,,광고1본부_3팀
2026. 1. 6,2026년1월,2주차,교육,대행사,단비교육,윙크,키즈닝,LMS,"34,000",,311,0.91%,,,100,"3,400,000",,"3,400,000",LMS,,,0,이윤희,이윤희,,광고1본부_3팀
2026. 1. 6,2026년1월,2주차,교육,대행사,단비교육,윙크,베이비파스텔,LMS,"13,100",,214,1.63%,,,120,"1,572,000",,"1,572,000",LMS,,,0,이윤희,이윤희,,광고1본부_3팀
2026. 1. 6,2026년1월,2주차,뷰티,대행사,제이지파트너스,릴리커버,국민카드,LMS,"30,000",,761,2.54%,,,100,"3,000,000",,"3,000,000",LMS,,20%%,0,이승미,오유진,,광고1본부_1팀
2026. 1. 6,2026년1월,2주차,교육,광고주,아이스크림에듀,아이스크림홈런,키즈노트,LMS,"50,000",,870,1.74%,,,100,"5,000,000",,"5,000,000",LMS,,,0,이승미,신지수,,광고1본부_1팀
2026. 1. 6,2026년1월,2주차,금융,대행사,메리츠화재 장기TM,메조미디어,롯데카드,LMS,"50,000",,,0.00%,,,97,"4,850,000",,"4,850,000",LMS,,20%%,0,김영현,김영현,,광고1본부_2팀
2026. 1. 6,2026년1월,2주차,교육,광고주,리엔케이강남주연,리엔케이강남주연,국민카드,LMS,"60,000",,,0.00%,,,100,"6,000,000",,"6,000,000",LMS,,20%%,0,이윤희,이윤희,,광고1본부_3팀
2026. 1. 6,2026년1월,2주차,교육,광고주,리엔케이신사,리엔케이신사,BC카드(CNCAD),LMS,"30,000",,,0.00%,,,100,"3,000,000",,"3,000,000",LMS,,20%%,0,이윤희,이윤희,,광고1본부_3팀
2026. 1. 7,2026년1월,2주차,교육,광고주,단비교육,캐츠잉글리시,KT,LMS,"50,000",,"1,221",2.44%,,,100,"5,000,000",,"5,000,000",LMS,,,0,이윤희,이윤희,,광고1본부_3팀
2026. 1. 7,2026년1월,2주차,교육,광고주,단비교육,캐츠잉글리시,에듀패밀리,LMS,"23,000",,660,2.87%,,,100,"2,300,000",,"2,300,000",LMS,,,,이윤희,이윤희,,광고1본부_3팀
2026. 1. 7,2026년1월,2주차,교육,광고주,단비교육,캐츠잉글리시,키자니아,LMS,"42,000",,"1,090",2.60%,,,100,"4,200,000",,"4,200,000",LMS,,,,이윤희,이윤희,,광고1본부_3팀
2026. 1. 7,2026년1월,2주차,교육,광고주,메가스터디,엠베스트,신세계포인트,LMS,"80,000",,"1,310",1.64%,,,100,"8,000,000",,"8,000,000",LMS,,,,이윤희,이윤희,,광고1본부_3팀
2026. 1. 7,2026년1월,2주차,교육,대행사,단비교육,윙크,마미톡,LMS,"30,500",,441,1.45%,,,100,"3,050,000",,"3,050,000",LMS,,,0,이윤희,이윤희,,광고1본부_3팀
2026. 1. 7,2026년1월,2주차,분양,대행사,핸즈애드,호텔 더 보타닉 세운 명동,BC카드,LMS,"30,000",,347,1.16%,,,100,"3,000,000",,"3,000,000",LMS,,10.0%,"300,000",이승미,오유진,,광고1본부_1팀
2026. 1. 7,2026년1월,2주차,분양,광고주,파인골프,파인골프,SKT 비즈챗,LMS,"30,000",,"1,678",5.59%,,,100,"3,000,000",,"3,000,000",LMS,35.0%,,0,이승미,오유진,,광고1본부_1팀
2026. 1. 7,2026년1월,2주차,교육,광고주,아이스크림에듀,아이스크림홈런,키즈노트,LMS,"50,000",,973,1.95%,,,100,"5,000,000",,"5,000,000",LMS,,,0,이승미,신지수,,광고1본부_1팀
2026. 1. 7,2026년1월,2주차,교육,광고주,아이스크림에듀,아이스크림홈런,BC카드(CNCAD),LMS,"50,000",,"1,075",2.15%,,,100,"5,000,000",,"5,000,000",LMS,,,0,이승미,신지수,,광고1본부_1팀
2026. 1. 7,2026년1월,2주차,교육,광고주,천재교과서,밀크티,롯데카드,LMS,"50,000",,97,0.19%,,,100,"5,000,000",,"5,000,000",LMS,,,0,이승미,신지수,,광고1본부_1팀
2026. 1. 7,2026년1월,2주차,건기식,광고주,한걸음컴퍼니,당화정,하나카드,LMS,"30,000",,596,1.99%,,,100,"3,000,000",,"3,000,000",LMS,,,0,이윤희,이윤희,,광고1본부_3팀
2026. 1. 8,2026년1월,2주차,교육,광고주,비상교육,온리원,퍼핀,LMS,"40,000",,950,2.38%,,,120,"4,800,000",,"4,800,000",LMS,,,,이윤희,이윤희,,광고1본부_3팀
2026. 1. 8,2026년1월,2주차,교육,광고주,단비교육,캐츠잉글리시,국민카드,LMS,"50,000",,538,1.08%,,,100,"5,000,000",,"5,000,000",LMS,,,0,이윤희,이윤희,,광고1본부_3팀
2026. 1. 8,2026년1월,2주차,교육,광고주,단비교육,캐츠잉글리시,키자니아,LMS,"86,400",,737,0.85%,,,100,"8,640,000",,"8,640,000",LMS,,,,이윤희,이윤희,,광고1본부_3팀
2026. 1. 8,2026년1월,2주차,교육,광고주,단비교육,캐츠잉글리시,KT,LMS,"50,000",,"2,034",4.07%,,,100,"5,000,000",,"5,000,000",LMS,,,0,이윤희,이윤희,,광고1본부_3팀
2026. 1. 8,2026년1월,2주차,교육,광고주,단비교육,캐츠잉글리시,코베,LMS,"15,000",,806,5.37%,,광고주와는 12월정산함,150,"2,250,000",,"2,250,000",LMS,,,,이윤희,이윤희,,광고1본부_3팀
2026. 1. 8,2026년1월,2주차,교육,광고주,단비교육,윙크,삼성카드,LMS,"50,000",,855,1.71%,,,100,"5,000,000",,"5,000,000",LMS,,,0,이윤희,이윤희,,광고1본부_3팀
2026. 1. 8,2026년1월,2주차,교육,광고주,단비교육,윙크,롯데카드,LMS,"50,000",,271,0.54%,,,100,"5,000,000",,"5,000,000",LMS,,,0,이윤희,이윤희,,광고1본부_3팀
2026. 1. 8,2026년1월,2주차,교육,광고주,단비교육,윙크,KT,LMS,"50,000",,994,1.99%,,,100,"5,000,000",,"5,000,000",LMS,,,0,이윤희,이윤희,,광고1본부_3팀
2026. 1. 8,2026년1월,2주차,교육,광고주,메가스터디,엘리하이,SKT 비즈챗,LMS,"50,000",,650,1.30%,,,100,"5,000,000",,"5,000,000",LMS,35.0%,,0,이윤희,이윤희,,광고1본부_3팀
2026. 1. 8,2026년1월,2주차,분양,대행사,소프트자이온,수성 포레스트 스위첸,삼성카드,LMS,"30,000",,593,1.98%,,,100,"3,000,000",,"3,000,000",LMS,,10.0%,"300,000",이승미,오유진,,광고1본부_1팀
2026. 1. 8,2026년1월,2주차,분양,대행사,제이지파트너스,두산위브 더 제니스 센트럴 천안,KT,LMS,"23,000",,596,2.59%,,,100,"2,300,000",,"2,300,000",LMS,,25%%,0,이승미,오유진,,광고1본부_1팀
2026. 1. 8,2026년1월,2주차,분양,대행사,다우기술,화곡 더리브스카이,엘포인트,LMS,"42,857",,"1,417",3.31%,,,70,"3,000,000",,"3,000,000",LMS,,10.0%,"300,000",이승미,오유진,,광고1본부_1팀
2026. 1. 8,2026년1월,2주차,교육,광고주,아이스크림에듀,아이스크림홈런,국민카드,LMS,"50,000",,"1,095",2.19%,,,100,"5,000,000",,"5,000,000",LMS,,,0,이승미,신지수,,광고1본부_1팀
2026. 1. 8,2026년1월,2주차,교육,광고주,천재교과서,밀크티,맘시터,LMS,"30,000",,335,1.12%,,,110,"3,300,000",,"3,300,000",LMS,10.0%,,0,이승미,신지수,,광고1본부_1팀
2026. 1. 8,2026년1월,2주차,금융,대행사,메리츠화재 장기TM,메조미디어,BC카드,LMS,"100,000",,,0.00%,,,100,"10,000,000",,"10,000,000",LMS,,20%%,0,김영현,김영현,,광고1본부_2팀
2026. 1. 8,2026년1월,2주차,금융,대행사,메리츠화재 장기TM,메조미디어,엘포인트,LMS,"50,000",,,0.00%,,,70,"3,500,000",,"3,500,000",LMS,,20%%,0,김영현,김영현,,광고1본부_2팀
2026. 1. 9,2026년1월,2주차,분양,대행사,제이지파트너스,평촌 롯데캐슬 르씨엘,KT,LMS,"30,000",,728,2.43%,,,100,"3,000,000",,"3,000,000",LMS,,,0,이승미,오유진,,광고1본부_1팀
2026. 1. 9,2026년1월,2주차,분양,대행사,가비아컴,인하대역 수자인,삼성카드,LMS,"30,000",,764,2.55%,,,100,"3,000,000",,"3,000,000",LMS,,13.0%,"390,000",이승미,오유진,,광고1본부_1팀
2026. 1. 9,2026년1월,2주차,분양,대행사,가비아컴,인하대역 수자인,BC카드,LMS,"30,000",,644,2.15%,,,100,"3,000,000",,"3,000,000",LMS,,13.0%,"390,000",이승미,오유진,,광고1본부_1팀
2026. 1. 9,2026년1월,2주차,분양,광고주,도하영,용현 학익 씨티오씨엘 ,하나카드,LMS,"50,000",,947,1.89%,,,100,"5,000,000",,"5,000,000",LMS,,,0,이승미,오유진,,광고1본부_1팀
2026. 1. 9,2026년1월,2주차,분양,광고주,윤마루,울산 e편한세상 번영로 리더스포레,삼성카드,LMS,"50,000",,960,1.92%,,,100,"5,000,000",,"5,000,000",LMS,,10.0%,"500,000",이승미,오유진,,광고1본부_1팀
2026. 1. 9,2026년1월,2주차,분양,광고주,윤마루,울산 e편한세상 번영로 리더스포레,엘포인트,LMS,"71,428",,"1,369",1.92%,,,70,"5,000,000",,"5,000,000",LMS,,10.0%,"500,000",이승미,오유진,,광고1본부_1팀
2026. 1. 9,2026년1월,2주차,분양,대행사,디자인수,두산 위브&수자인 부평 더 퍼스트,호갱노노 채널톡,카카오 채널톡,"25,000",,456,1.82%,,,200,"5,000,000",,"5,000,000",LMS,,10.0%,"500,000",이승미,오유진,,광고1본부_1팀
2026. 1. 9,2026년1월,2주차,분양,대행사,디자인수,두산 위브&수자인 부평 더 퍼스트,카카오페이,TMS,"50,000",,"2,240",4.48%,,,100,"5,000,000",,"5,000,000",LMS,,10.0%,"500,000",이승미,오유진,,광고1본부_1팀
2026. 1. 9,2026년1월,2주차,교육,광고주,아이스크림에듀,아이스크림홈런,키즈노트,LMS,"48,000",,899,1.87%,,,100,"4,800,000",,"4,800,000",LMS,,,0,이승미,신지수,,광고1본부_1팀
2026. 1. 9,2026년1월,2주차,금융,대행사,메리츠화재 장기TM,메조미디어,롯데카드,LMS,"100,000",,,0.00%,,,100,"10,000,000",,"10,000,000",LMS,,20%%,0,김영현,김영현,,광고1본부_2팀
2026. 1. 12,2026년1월,2주차,교육,광고주,비상교육,온리원,SKT 어썸,LMS,"120,000",,600,0.50%,,,,"10,000,000",,"10,000,000",LMS,,,,이윤희,이윤희,,광고1본부_3팀
2026. 1. 12,2026년1월,3주차,교육,광고주,메가스터디,엘리하이,신세계포인트,LMS,"50,000",,,0.00%,,,100,"5,000,000",,"5,000,000",LMS,,,,이윤희,이윤희,,광고1본부_3팀
2026. 1. 12,2026년1월,3주차,교육,광고주,아이스크림에듀,아이스크림홈런,키즈노트,LMS,"50,000",,871,1.74%,,,100,"5,000,000",,"5,000,000",LMS,,,0,이승미,신지수,,광고1본부_1팀
2026. 1. 13,2026년1월,3주차,뷰티,광고주,리엔케이신사,리엔케이신사,국민카드(직),LMS,"30,000",,,0.00%,,,100,"3,000,000",,"3,000,000",LMS,,,0,이윤희,이윤희,,광고1본부_3팀
2026. 1. 13,2026년1월,3주차,교육,광고주,비상교육,온리원,경기지역화폐,PUSH,"166,666",,"2,750",1.65%,,,30,"2,500,000",,"2,500,000",LMS,,,,이윤희,이윤희,,광고1본부_3팀
2026. 1. 13,2026년1월,3주차,교육,광고주,단비교육,캐츠잉글리시,삼성카드,LMS,"50,000",,912,1.82%,,,100,"5,000,000",,"5,000,000",LMS,,,0,이윤희,이윤희,,광고1본부_3팀
2026. 1. 13,2026년1월,3주차,교육,광고주,단비교육,캐츠잉글리시,키즈닝,LMS,"24,000",,252,1.05%,,,100,"2,400,000",,"2,400,000",LMS,,,,이윤희,이윤희,,광고1본부_3팀
2026. 1. 13,2026년1월,3주차,교육,광고주,단비교육,캐츠잉글리시,국민카드,LMS,"50,000",,432,0.86%,,,100,"5,000,000",,"5,000,000",LMS,,,0,이윤희,이윤희,,광고1본부_3팀
2026. 1. 13,2026년1월,3주차,교육,광고주,단비교육,캐츠잉글리시,에듀패밀리,LMS,"19,000",,525,2.76%,,,100,"1,900,000",,"1,900,000",LMS,,,,이윤희,이윤희,,광고1본부_3팀
2026. 1. 13,2026년1월,3주차,교육,광고주,메가스터디,엠베스트,국민카드,LMS,"50,000",,124,0.25%,,,100,"5,000,000",,"5,000,000",LMS,,,0,이윤희,이윤희,,광고1본부_3팀
2026. 1. 13,2026년1월,3주차,교육,광고주,단비교육,윙크,삼성카드,MMS,"50,000",,786,1.57%,,,150,"7,500,000",,"7,500,000",MMS,,,0,이윤희,이윤희,,광고1본부_3팀
2026. 1. 13,2026년1월,3주차,교육,광고주,웅진씽크빅,웅진스마트올초등,맘시터,LMS,"50,000",,669,1.34%,,,110,"5,500,000",,"5,500,000",LMS,10.0%,,,이윤희,이윤희,,광고1본부_3팀
2026. 1. 13,2026년1월,3주차,분양,광고주,파인골프,파인골프,SKT 비즈챗,LMS,"30,000",,"1,660",5.53%,,,100,"3,000,000",,"3,000,000",LMS,35.0%,,0,이승미,오유진,,광고1본부_1팀
2026. 1. 13,2026년1월,3주차,교육,광고주,아이스크림에듀,아이스크림홈런,맘시터,LMS,"50,000",,738,1.48%,,,110,"5,500,000",,"5,500,000",LMS,10.0%,,0,이승미,신지수,,광고1본부_1팀
2026. 1. 13,2026년1월,3주차,교육,광고주,아이스크림에듀,아이스크림홈런,롯데카드,LMS,"50,000",,352,0.70%,,,100,"5,000,000",,"5,000,000",LMS,,,0,이승미,신지수,,광고1본부_1팀
2026. 1. 13,2026년1월,3주차,교육,광고주,천재교과서,밀크티,신세계포인트,LMS,"50,000",,861,1.72%,,,100,"5,000,000",,"5,000,000",LMS,,,0,이승미,신지수,,광고1본부_1팀
2026. 1. 13,2026년1월,3주차,교육,광고주,천재교과서,밀크티,키즈닝,LMS,"30,000",,207,0.69%,,,100,"3,000,000",,"3,000,000",LMS,,,0,이승미,신지수,,광고1본부_1팀
2026. 1. 13,2026년1월,3주차,금융,대행사,메리츠화재 장기TM,메조미디어,신세계포인트,LMS,"50,000",,,0.00%,,,100,"5,000,000",,"5,000,000",LMS,,20%%,0,김영현,김영현,,광고1본부_2팀
2026. 1. 13,2026년1월,3주차,금융,대행사,메리츠화재 장기TM,메조미디어,SSG,LMS,"50,000",,,0.00%,,,120,"6,000,000",,"6,000,000",LMS,,20%%,0,김영현,김영현,,광고1본부_2팀
2026. 1. 13,2026년1월,3주차,금융,대행사,메리츠화재 장기TM,메조미디어,SKT 비즈챗,LMS,"50,000",,,0.00%,,,80,"4,000,000",,"4,000,000",LMS,35.0%,20%%,0,김영현,이윤희,,광고1본부_2팀
2026. 1. 13,2026년1월,3주차,뷰티,대행사,스마트투엠,로아벨문정점,국민카드,LMS,"30,000",,,0.00%,,,100,"3,000,000",,"3,000,000",LMS,,,,이윤희,이윤희,,광고1본부_3팀
2026. 1. 14,2026년1월,3주차,교육,광고주,비상교육,온리원,롯데카드,LMS,"50,000",,130,0.26%,,,100,"5,000,000",,"5,000,000",LMS,,,0,이윤희,이윤희,,광고1본부_3팀
2026. 1. 14,2026년1월,3주차,교육,광고주,단비교육,캐츠잉글리시,비플페이,PUSH,"50,000",,874,1.75%,,,120,"6,000,000",,"8,280,000",LMS,,,,이윤희,이윤희,,광고1본부_3팀
2026. 1. 14,2026년1월,3주차,교육,광고주,단비교육,캐츠잉글리시,베이비파스텔,LMS,"69,000",,"1,015",1.47%,,,120,"8,280,000",,"8,280,000",LMS,,,,이윤희,이윤희,,광고1본부_3팀
2026. 1. 14,2026년1월,3주차,교육,광고주,단비교육,윙크,신세계포인트,LMS,"50,000",,"1,712",3.42%,,,100,"5,000,000",,"5,000,000",LMS,,,0,이윤희,이윤희,,광고1본부_3팀
2026. 1. 14,2026년1월,3주차,교육,광고주,단비교육,윙크,마미톡,LMS,"57,000",,843,1.48%,,,100,"5,700,000",,"5,700,000",LMS,,,0,이윤희,이윤희,,광고1본부_3팀
2026. 1. 14,2026년1월,3주차,교육,광고주,단비교육,윙크,베이비메모리즈,LMS,"22,000",,501,2.28%,,,120,"2,640,000",,"2,640,000",LMS,,,0,이윤희,이윤희,,광고1본부_3팀
2026. 1. 14,2026년1월,3주차,교육,광고주,단비교육,윙크,베이비프렌즈,LMS,"30,000",,698,2.33%,,,100,"3,000,000",,"3,000,000",LMS,,,0,이윤희,이윤희,,광고1본부_3팀
2026. 1. 14,2026년1월,3주차,교육,광고주,단비교육,윙크,SKT 비즈챗,LMS,"50,000",,892,1.78%,,,100,"5,000,000",,"5,000,000",LMS,35.0%,,0,이윤희,이윤희,,광고1본부_3팀
2026. 1. 14,2026년1월,3주차,교육,광고주,단비교육,윙크,경기지역화폐,PUSH,"166,666",,"2,257",1.35%,,,30,"2,500,000",,"2,500,000",PUSH,,,0,이윤희,이윤희,,광고1본부_3팀
2026. 1. 14,2026년1월,3주차,교육,광고주,아이스크림에듀,아이스크림홈런,삼성카드,LMS,"50,000",,"1,054",2.11%,,,100,"5,000,000",,"5,000,000",LMS,,,0,이승미,신지수,,광고1본부_1팀
2026. 1. 14,2026년1월,3주차,교육,광고주,아이스크림에듀,아이스크림홈런,신세계포인트,LMS,"50,000",,892,1.78%,,,100,"5,000,000",,"5,000,000",LMS,,,0,이승미,신지수,,광고1본부_1팀
2026. 1. 14,2026년1월,3주차,교육,광고주,아이스크림에듀,아이스크림홈런,에듀패밀리,LMS,"50,000",,,0.00%,,,100,"5,000,000",,"5,000,000",LMS,,,0,이승미,신지수,,광고1본부_1팀
2026. 1. 14,2026년1월,3주차,교육,광고주,천재교과서,밀크티,삼성카드,LMS,"50,000",,806,1.61%,,,100,"5,000,000",,"5,000,000",LMS,,,0,이승미,신지수,,광고1본부_1팀
2026. 1. 14,2026년1월,3주차,교육,광고주,천재교과서,밀크티,비플페이,PUSH,"50,000",,494,0.99%,,,120,"6,000,000",,"6,000,000",LMS,,,0,이승미,신지수,,광고1본부_1팀
2026. 1. 14,2026년1월,3주차,건기식,광고주,한걸음컴퍼니,당화정,하나카드,LMS,"30,000",,628,2.09%,,,100,"3,000,000",,"3,000,000",LMS,,,0,이윤희,이윤희,,광고1본부_3팀
2026. 1. 15,2026년1월,3주차,교육,광고주,단비교육,캐츠잉글리시,롯데카드,LMS,"50,000",,125,0.25%,,,100,"5,000,000",,"5,000,000",LMS,,,0,이윤희,이윤희,,광고1본부_3팀
2026. 1. 15,2026년1월,3주차,교육,광고주,단비교육,캐츠잉글리시,하나카드,LMS,"50,000",,"1,501",3.00%,,,100,"5,000,000",,"5,000,000",LMS,,,0,이윤희,이윤희,,광고1본부_3팀
2026. 1. 15,2026년1월,3주차,교육,광고주,메가스터디,엠베스트,하나카드,LMS,"50,000",,,0.00%,,,100,"5,000,000",,"5,000,000",LMS,,,0,이윤희,이윤희,,광고1본부_3팀
2026. 1. 15,2026년1월,3주차,분양,대행사,씨앤씨애드,두산위브 더 제니스 센트럴 천안,BC카드,LMS,"30,000",,833,2.78%,,,100,"3,000,000",,"3,000,000",LMS,,10.0%,"300,000",이승미,오유진,,광고1본부_1팀
2026. 1. 15,2026년1월,3주차,분양,대행사,핸즈애드,호텔 더 보타닉 세운 명동,BC카드,LMS,"30,000",,367,1.22%,,,100,"3,000,000",,"3,000,000",LMS,,10.0%,"300,000",이승미,오유진,,광고1본부_1팀
2026. 1. 15,2026년1월,3주차,분양,대행사,씨앤씨애드,평촌 롯데캐슬 르씨엘,SKT 비즈챗,LMS,"20,000",,472,2.36%,,,100,"2,000,000",,"2,000,000",LMS,35.0%,10.0%,"200,000",이승미,오유진,,광고1본부_1팀
2026. 1. 15,2026년1월,3주차,교육,광고주,천재교과서,밀크티,국민카드,LMS,"60,000",,"1,269",2.12%,,,100,"5,000,000",,"5,000,000",LMS,,,0,이승미,신지수,,광고1본부_1팀
2026. 1. 15,2026년1월,3주차,금융,대행사,메리츠화재 장기TM,메조미디어,BC카드,LMS,"100,000",,,0.00%,,,100,"10,000,000",,"10,000,000",LMS,,20%%,0,김영현,김영현,,광고1본부_2팀
2026. 1. 15,2026년1월,3주차,금융,대행사,메리츠화재 장기TM,메조미디어,BC카드,LMS,"50,000",,,0.00%,,,86,"4,300,000",,"4,300,000",LMS,,20%%,0,김영현,김영현,,광고1본부_2팀
2026. 1. 15,2026년1월,3주차,교육,광고주,단비교육,캐츠잉글리시,베이비프렌즈,LMS,"110,000",,"2,038",1.85%,,,100,"12,000,000",,"12,000,000",LMS,,,,이윤희,이윤희,,광고1본부_3팀
2026. 1. 15,2026년1월,3주차,교육,광고주,단비교육,캐츠잉글리시,키자니아,LMS,"65,000",,"1,201",1.85%,,,100,"12,000,000",,"12,000,000",LMS,,,,이윤희,이윤희,,광고1본부_3팀
2026. 1. 16,2026년1월,3주차,교육,광고주,단비교육,캐츠잉글리시,우리카드(CNCAD),LMS,"100,000",,"1,825",1.83%,,,100,"10,000,000",,"10,000,000",LMS,,,0,이윤희,이윤희,,광고1본부_3팀
2026. 1. 16,2026년1월,3주차,분양,대행사,소프트자이온,효성 해링턴 플레이스 풍무,삼성카드,LMS,"30,000",,550,1.83%,,,100,"3,000,000",,"3,000,000",LMS,,10.0%,"300,000",이승미,오유진,,광고1본부_1팀
2026. 1. 16,2026년1월,3주차,분양,광고주,윤마루,울산 e편한세상 번영로 리더스포레,BC카드,LMS,"100,000",,"1,454",1.45%,,,100,"10,000,000",,"10,000,000",LMS,,10.0%,"1,000,000",이승미,오유진,,광고1본부_1팀
2026. 1. 16,2026년1월,3주차,분양,대행사,다우기술,탑석 푸르지오 파크7 ,BC카드,LMS,"30,000",,724,2.41%,,,100,"3,000,000",,"3,000,000",LMS,,10.0%,"300,000",이승미,오유진,,광고1본부_1팀
2026. 1. 16,2026년1월,3주차,분양,대행사,소프트자이온,달서 롯데캐슬 센트럴 스카이,삼성카드,LMS,"50,000",,"1,214",2.43%,,,100,"5,000,000",,"5,000,000",LMS,,10.0%,"500,000",이승미,오유진,,광고1본부_1팀
2026. 1. 16,2026년1월,3주차,분양,대행사,제이지파트너스,평촌 롯데캐슬 르씨엘,국민카드,LMS,"30,000",,536,1.79%,,,100,"3,000,000",,"3,000,000",LMS,,20%%,0,이승미,오유진,,광고1본부_1팀
2026. 1. 16,2026년1월,3주차,분양,대행사,제이지파트너스,평촌 롯데캐슬 르씨엘,KT,LMS,"45,000",,948,2.11%,,,100,"4,500,000",,"4,500,000",LMS,,20%%,0,이승미,오유진,,광고1본부_1팀
2026. 1. 16,2026년1월,3주차,교육,광고주,아이스크림에듀,아이스크림홈런,키즈노트,LMS,"50,000",,"1,448",2.90%,,,100,"5,000,000",,"5,000,000",LMS,,,0,이승미,신지수,,광고1본부_1팀
2026. 1. 16,2026년1월,3주차,교육,광고주,아이스크림에듀,아이스크림홈런,키즈노트,LMS,"50,000",,,0.00%,,,100,"5,000,000",,"5,000,000",LMS,,,0,이승미,신지수,,광고1본부_1팀
2026. 1. 16,2026년1월,3주차,금융,대행사,메리츠화재 장기TM,메조미디어,롯데카드,LMS,"100,000",,,0.00%,,,100,"10,000,000",,"10,000,000",LMS,,20%%,0,김영현,김영현,,광고1본부_2팀
2026. 1. 19,2026년1월,4주차,교육,광고주,단비교육,윙크,경기지역화폐,PUSH,"166,666",,"3,069",1.84%,,,30,"2,500,000",,"2,500,000",PUSH,,,0,이윤희,이윤희,,광고1본부_3팀
2026. 1. 19,2026년1월,4주차,자동차,광고주,브리티시오토,랜드로버,삼성카드,LMS,"30,000",,,0.00%,,,100,"3,000,000",,"3,000,000",LMS,,,0,이승미,신지수,,광고1본부_1팀
2026. 1. 19,2026년1월,4주차,기타,대행사,다우기술,유현세무법인,BC카드,LMS,"50,000",,,0.00%,,,100,"5,000,000",,"5,000,000",LMS,,10.0%,"500,000",박현정,박민호,,광고2본부_1팀
2026. 1. 19,2026년1월,4주차,교육,광고주,아이스크림에듀,아이스크림홈런,신세계포인트,LMS,"50,000",,920,1.84%,,,100,"5,000,000",,"5,000,000",LMS,,,0,이승미,신지수,,광고1본부_1팀
2026. 1. 19,2026년1월,4주차,교육,광고주,아이스크림에듀,아이스크림홈런,경기지역화폐,PUSH,"166,667",,"2,739",1.64%,,,15,"2,500,000",,"2,500,000",PUSH,,,0,이승미,신지수,,광고1본부_1팀
2026. 1. 20,2026년1월,4주차,교육,광고주,비상교육,온리원,신세계포인트,LMS,"50,000",,770,1.54%,,,100,"5,000,000",,"5,000,000",LMS,,,,이윤희,이윤희,,광고1본부_3팀
2026. 1. 20,2026년1월,4주차,교육,광고주,비상교육,온리원,롯데카드,LMS,"50,000",,133,0.27%,,,100,"5,000,000",,"5,000,000",LMS,,,,이윤희,이윤희,,광고1본부_3팀
2026. 1. 20,2026년1월,4주차,교육,광고주,단비교육,캐츠잉글리시,국민카드,LMS,"50,000",,433,0.87%,,,100,"5,000,000",,"5,000,000",LMS,20.0%,,0,이윤희,이윤희,,광고1본부_3팀
2026. 1. 20,2026년1월,4주차,교육,광고주,단비교육,캐츠잉글리시,삼성카드,LMS,"50,000",,"1,464",2.93%,,,100,"5,000,000",,"5,000,000",LMS,,,0,이윤희,이윤희,,광고1본부_3팀
2026. 1. 20,2026년1월,4주차,교육,광고주,단비교육,캐츠잉글리시,제로페이,LMS,"50,000",,"1,776",3.55%,,,100,"5,000,000",,"5,000,000",LMS,,,,이윤희,이윤희,,광고1본부_3팀
2026. 1. 20,2026년1월,4주차,교육,광고주,단비교육,윙크,베이비프렌즈,LMS,"25,000",,442,1.77%,,,100,"2,500,000",,"2,500,000",LMS,,,0,이윤희,이윤희,,광고1본부_3팀
2026. 1. 20,2026년1월,4주차,교육,광고주,단비교육,윙크,미즈톡톡,LMS,"42,000",,802,1.91%,,,120,"5,040,000",,"5,040,000",LMS,,,0,이윤희,이윤희,,광고1본부_3팀
2026. 1. 20,2026년1월,4주차,병의원,대행사,엠비즈플래닛,하늘안과,국민카드,LMS,"50,000",,,0.00%,,,100,"5,000,000",,"5,000,000",LMS,,15.0%,"750,000",박현정,박민호,,광고2본부_1팀
2026. 1. 20,2026년1월,4주차,교육,광고주,웅진씽크빅,웅진스마트올초등,제로페이,LMS,"50,000",,"1,048",2.10%,,,100,"5,000,000",,"5,000,000",LMS,,,,이윤희,이윤희,,광고1본부_3팀
2026. 1. 20,2026년1월,4주차,분양,광고주,파인골프,파인골프,SKT 비즈챗,LMS,"30,000",,"1,615",5.38%,,,100,"3,000,000",,"3,000,000",LMS,35.0%,,0,이승미,오유진,,광고1본부_1팀
2026. 1. 20,2026년1월,4주차,교육,광고주,아이스크림에듀,아이스크림홈런,경기지역화폐,PUSH,"166,666",,"2,594",1.56%,,,15,"2,500,000",,"2,500,000",PUSH,,,0,이승미,신지수,,광고1본부_1팀
2026. 1. 20,2026년1월,4주차,교육,광고주,아이스크림에듀,아이스크림홈런,맘시터,LMS,"50,000",,560,1.12%,,,110,"5,500,000",,"5,500,000",LMS,10.0%,,0,이승미,신지수,,광고1본부_1팀
2026. 1. 20,2026년1월,4주차,교육,광고주,아이스크림에듀,아이스크림홈런,키즈노트,LMS,"50,000",,686,1.37%,,,100,"5,000,000",,"5,000,000",LMS,,,0,이승미,신지수,,광고1본부_1팀
2026. 1. 20,2026년1월,4주차,교육,광고주,천재교과서,밀크티,베이비프렌즈,LMS,"20,000",,338,1.69%,,,120,"2,400,000",,"2,400,000",LMS,,,0,이승미,신지수,,광고1본부_1팀
2026. 1. 20,2026년1월,4주차,금융,대행사,메리츠화재 장기TM,메조미디어,LG U+,LMS,"50,000",,,0.00%,,,80,"4,000,000",,"4,000,000",LMS,,20%%,0,김영현,김영현,,광고1본부_2팀
2026. 1. 21,2026년1월,4주차,교육,광고주,비상교육,온리원,경기지역화폐,PUSH,"166,666",,2359,1.42%,,,30,"2,500,000",,"10,000,000",PUSH,,,,이윤희,이윤희,,광고1본부_3팀
2026. 1. 21,2026년1월,4주차,교육,광고주,단비교육,캐츠잉글리시,국민카드,LMS,"100,000",,809,0.81%,,,100,"10,000,000",,"10,000,000",LMS,,,0,이윤희,이윤희,,광고1본부_3팀
2026. 1. 21,2026년1월,4주차,교육,광고주,단비교육,캐츠잉글리시,에듀패밀리,LMS,"18,000","3,000",542,3.01%,,,100,"1,500,000",,"1,500,000",LMS,,,,이윤희,이윤희,,광고1본부_3팀
2026. 1. 21,2026년1월,4주차,교육,대행사,단비교육,윙크,롯데카드,LMS,"50,000",,687,1.37%,,,100,"5,000,000",,"5,000,000",LMS,,,0,이윤희,이윤희,,광고1본부_3팀
2026. 1. 21,2026년1월,4주차,교육,대행사,단비교육,윙크,베이비파스텔,LMS,"41,000",,643,1.57%,,,120,"4,920,000",,"4,920,000",LMS,,,0,이윤희,이윤희,,광고1본부_3팀
2026. 1. 21,2026년1월,4주차,교육,대행사,단비교육,윙크,베이비메모리즈,LMS,"41,000",,825,2.01%,,,120,"4,920,000",,"4,920,000",LMS,,,0,이윤희,이윤희,,광고1본부_3팀
2026. 1. 21,2026년1월,4주차,교육,대행사,단비교육,윙크,아이보리,LMS,"65,000",,783,1.20%,,,100,"6,500,000",,"6,500,000",LMS,,,0,이윤희,이윤희,,광고1본부_3팀
2026. 1. 21,2026년1월,4주차,교육,대행사,단비교육,윙크,에듀패밀리,LMS,"15,000",,294,1.96%,,,100,"1,500,000",,"1,500,000",LMS,,,0,이윤희,이윤희,,광고1본부_3팀
2026. 1. 21,2026년1월,4주차,교육,대행사,단비교육,윙크,키자니아,LMS,"20,428",,356,1.74%,,,100,"2,042,800",,"2,042,800",LMS,,,0,이윤희,이윤희,,광고1본부_3팀
2026. 1. 21,2026년1월,4주차,자동차,대행사,커스텀그라운드,랜드로버,신세계백화점,MMS,"20,000",,,0.00%,,,,"42,000,000",,"42,000,000",DA+LMS,10.0%,10.0%,"4,200,000",이승미,신지수,,광고1본부_1팀
2026. 1. 21,2026년1월,4주차,자동차,대행사,커스텀그라운드,랜드로버,LG U+,LMS,"70,000","10,000",,0.00%,,,100,"6,000,000",,"6,000,000",LMS,,10.0%,"600,000",이승미,신지수,,광고1본부_1팀
2026. 1. 21,2026년1월,4주차,식음료,광고주,네슬레코리아,퓨리나펫케어,국민카드,LMS,"50,000",,,0.00%,,,100,"5,000,000",,"5,000,000",LMS,,10.0%,"500,000",박현정,박현정,,광고2본부_1팀
2026. 1. 21,2026년1월,4주차,분양,대행사,핸즈애드,호텔 더 보타닉 세운 명동,BC카드,LMS,"30,000",,751,2.50%,,,100,"3,000,000",,"3,000,000",LMS,,10.0%,"300,000",이승미,오유진,,광고1본부_1팀
2026. 1. 21,2026년1월,4주차,교육,광고주,아이스크림에듀,아이스크림홈런,하나카드,LMS,"50,000",,"1,035",2.07%,,,100,"5,000,000",,"5,000,000",LMS,,,0,이승미,신지수,,광고1본부_1팀
2026. 1. 21,2026년1월,4주차,교육,광고주,아이스크림에듀,아이스크림홈런,국민카드,LMS,"50,000",,"1,150",2.30%,,,100,"5,000,000",,"5,000,000",LMS,,,0,이승미,신지수,,광고1본부_1팀
2026. 1. 21,2026년1월,4주차,교육,광고주,아이스크림에듀,아이스크림홈런,키즈노트,LMS,"50,000",,674,1.35%,,,100,"5,000,000",,"5,000,000",LMS,,,0,이승미,신지수,,광고1본부_1팀
2026. 1. 21,2026년1월,4주차,교육,광고주,천재교과서,밀크티,베이비프렌즈,LMS,"80,000",,"1,130",1.41%,,,120,"9,600,000",,"9,600,000",LMS,,,0,이승미,신지수,,광고1본부_1팀
2026. 1. 21,2026년1월,4주차,교육,광고주,천재교과서,밀크티,제로페이,LMS,"50,000",,"1,059",2.12%,,,100,"5,000,000",,"5,000,000",LMS,,,0,이승미,신지수,,광고1본부_1팀
2026. 1. 21,2026년1월,4주차,금융,대행사,메리츠화재 장기TM,메조미디어,BC카드,LMS,"100,000",,,0.00%,,매체에 10만 서비스 제공으로 협의 중 (링크 오발송 건),100,"10,000,000",,"10,000,000",LMS,,20%%,0,김영현,김영현,,광고1본부_2팀
2026. 1. 22,2026년1월,4주차,교육,광고주,단비교육,캐츠잉글리시,SKT 비즈챗,LMS,"50,000",,676,1.35%,,,100,"5,000,000",,"5,000,000",LMS,35.0%,,0,이윤희,이윤희,,광고1본부_3팀
2026. 1. 22,2026년1월,4주차,교육,광고주,단비교육,캐츠잉글리시,국민카드,LMS,"100,000",,787,0.79%,,,100,"10,000,000",,"10,000,000",LMS,,,,이윤희,이윤희,,광고1본부_3팀
2026. 1. 22,2026년1월,4주차,교육,광고주,단비교육,윙크,SKT 비즈챗,LMS,"50,000",,856,1.71%,,,100,"5,000,000",,"5,000,000",LMS,35.0%,,0,이윤희,이윤희,,광고1본부_3팀
2026. 1. 22,2026년1월,4주차,교육,광고주,단비교육,윙크,하나카드,LMS,"50,000",,"1,338",2.68%,,,100,"5,000,000",,"5,000,000",LMS,,,0,이윤희,이윤희,,광고1본부_3팀
2026. 1. 22,2026년1월,4주차,교육,광고주,단비교육,윙크,국민카드,LMS,"30,000",,916,3.05%,,,100,"3,000,000",,"3,000,000",LMS,,,0,이윤희,이윤희,,광고1본부_3팀
2026. 1. 22,2026년1월,4주차,교육,광고주,단비교육,윙크,코베,LMS,"76,000",,"1,281",1.69%,,,150,"11,400,000",,"11,400,000",LMS,20.0%,,0,이윤희,이윤희,,광고1본부_3팀
2026. 1. 22,2026년1월,4주차,교육,광고주,단비교육,윙크,키즈닝,LMS,"154,000",,795,0.52%,,,100,"15,400,000",,"15,400,000",LMS,,,0,이윤희,이윤희,,광고1본부_3팀
2026. 1. 19,2026년1월,4주차,교육,광고주,단비교육,윙크,키즈닝,LMS,"154,000",,795,0.52%,,,100,"15,400,000",,"15,400,000",LMS,,,0,이윤희,이윤희,,광고1본부_3팀
2026. 1. 22,2026년1월,4주차,자동차,대행사,커스텀그라운드,랜드로버,LG U+,LMS,"60,000",,,0.00%,,,100,"6,000,000",,"6,000,000",LMS,,10.0%,"600,000",이승미,신지수,,광고1본부_1팀
2026. 1. 22,2026년1월,4주차,분양,대행사,핸즈애드,호텔 더 보타닉 세운 명동,BC카드,LMS,"30,000",,611,2.04%,,,100,"3,000,000",,"3,000,000",LMS,,10.0%,"300,000",이승미,오유진,,광고1본부_1팀
2026. 1. 22,2026년1월,4주차,기타,대행사,DMC미디어,르노코리아,SKT 비즈챗,LMS,"65,000",,,0.00%,,매체정산은 실발송수량인 65214건으로,100,"6,500,000",,"6,500,000",LMS,35.0%,10.0%,"650,000",박현정,박민호,,광고2본부_1팀
2026. 1. 22,2026년1월,4주차,분양,대행사,제이지파트너스,지웰 엘리움 양주 덕계역,SKT 비즈챗,LMS,"30,000",,494,1.65%,,,100,"3,000,000",,"3,000,000",LMS,35.0%,20%%,0,이승미,오유진,,광고1본부_1팀
2026. 1. 22,2026년1월,4주차,분양,광고주,윤마루,울산 e편한세상 번영로 리더스포레,SKT 비즈챗,LMS,"100,000",,"2,174",2.17%,,,100,"10,000,000",,"10,000,000",LMS,35.0%,10.0%,"1,000,000",이승미,오유진,,광고1본부_1팀
2026. 1. 22,2026년1월,4주차,교육,광고주,아이스크림에듀,아이스크림홈런,롯데카드,LMS,"50,000",,282,0.56%,,,100,"5,000,000",,"5,000,000",LMS,,,0,이승미,신지수,,광고1본부_1팀
2026. 1. 22,2026년1월,4주차,교육,광고주,아이스크림에듀,아이스크림홈런,우리카드(CNCAD),LMS,"50,000",,"1,118",2.24%,,,100,"5,000,000",,"5,000,000",LMS,,,0,이승미,신지수,,광고1본부_1팀
2026. 1. 22,2026년1월,4주차,교육,광고주,천재교과서,밀크티,롯데카드,LMS,"50,000",,83,0.17%,,,100,"5,000,000",,"5,000,000",LMS,,,0,이승미,신지수,,광고1본부_1팀
2026. 1. 22,2026년1월,4주차,금융,대행사,메리츠화재 장기TM,메조미디어,BC카드,LMS,"50,000",,,0.00%,,,100,"5,000,000",,"5,000,000",LMS,,20%%,0,김영현,김영현,,광고1본부_2팀
2026. 1. 22,2026년1월,4주차,금융,대행사,메리츠화재 장기TM,메조미디어,엘포인트,LMS,"50,000",,,0.00%,,,70,"3,500,000",,"3,500,000",LMS,,20%%,0,김영현,김영현,,광고1본부_2팀
2026. 1. 22,2026년1월,4주차,금융,대행사,메리츠화재 장기TM,메조미디어,SKT 비즈챗,LMS,"50,000",,,0.00%,,,80,"4,000,000",,"4,000,000",LMS,35.0%,20%%,0,김영현,김영현,,광고1본부_2팀
2026. 1. 22,2026년1월,4주차,교육,광고주,단비교육,윙크,마미톡,LMS,"25,000",,383,1.53%,,,100,"2,500,000",,"2,500,000",LMS,,,0,이윤희,이윤희,,광고1본부_3팀
2026. 1. 23,2026년1월,4주차,교육,광고주,단비교육,윙크,KT,LMS,"50,000",,"1,837",3.67%,,,100,"5,000,000",,"5,000,000",LMS,,,0,이윤희,이윤희,,광고1본부_3팀
2026. 1. 23,2026년1월,4주차,분양,광고주,윤마루,울산 e편한세상 번영로 리더스포레,국민카드,LMS,"100,000",,"1,449",1.45%,,,100,"10,000,000",,"10,000,000",LMS,,10.0%,"1,000,000",이승미,오유진,,광고1본부_1팀
2026. 1. 23,2026년1월,4주차,분양,광고주,도하영,용현 학익 씨티오씨엘 ,BC카드,LMS,"50,000",,912,1.82%,,,100,"5,000,000",,"5,000,000",LMS,,,0,이승미,오유진,,광고1본부_1팀
2026. 1. 23,2026년1월,4주차,분양,대행사,씨앤씨애드,두산위브 더 제니스 센트럴 천안,국민카드,LMS,"30,000",,280,0.93%,,,100,"3,000,000",,"3,000,000",LMS,,10.0%,"300,000",이승미,오유진,,광고1본부_1팀
2026. 1. 23,2026년1월,4주차,분양,대행사,가비아컴,인하대역 수자인,KT,LMS,"30,000",,753,2.51%,,,100,"3,000,000",,"3,000,000",LMS,,13.0%,"390,000",이승미,오유진,,광고1본부_1팀
2026. 1. 23,2026년1월,4주차,분양,대행사,라움플러스,평택 쌍용 스마트어반,삼성카드,LMS,"30,000",,801,2.67%,,,100,"3,000,000",,"3,000,000",LMS,,10.0%,"300,000",이승미,오유진,,광고1본부_1팀
2026. 1. 23,2026년1월,4주차,분양,대행사,제이지파트너스,평촌 롯데캐슬 르씨엘,KT,LMS,"20,000",,507,2.54%,,,100,"2,000,000",,"2,000,000",LMS,,20%%,0,이승미,오유진,,광고1본부_1팀
2026. 1. 23,2026년1월,4주차,분양,대행사,다우기술,동래 에코펠리스 아시아드리안,BC카드,LMS,"30,000",,,0.00%,,,100,"3,000,000",,"3,000,000",LMS,,10.0%,"300,000",이승미,오유진,,광고1본부_1팀
2026. 1. 23,2026년1월,4주차,교육,광고주,아이스크림에듀,아이스크림홈런,맘시터,LMS,"50,000",,875,1.75%,,,110,"5,500,000",,"5,500,000",LMS,10.0%,,0,이승미,신지수,,광고1본부_1팀
2026. 1. 23,2026년1월,4주차,금융,대행사,메리츠화재 장기TM,메조미디어,롯데카드,LMS,"50,000",,,0.00%,,,100,"5,000,000",,"5,000,000",LMS,,20%%,0,김영현,김영현,,광고1본부_2팀
2026. 1. 26,2026년1월,5주차,자동차,대행사,커스텀그라운드,랜드로버,롯데카드,LMS,"100,000","10,000",,0.00%,,,100,"9,000,000",,"9,000,000",LMS,,10.0%,"900,000",이승미,신지수,,광고1본부_1팀
2026. 1. 26,2026년1월,5주차,교육,광고주,아이스크림에듀,아이스크림홈런,티맵,LMS,"50,000",,562,1.12%,,,100,"5,000,000",,"5,000,000",LMS,,,0,이승미,신지수,,광고1본부_1팀
2026. 1. 26,2026년1월,5주차,교육,광고주,천재교과서,밀크티,신세계포인트,LMS,"50,000",,791,1.58%,,,100,"5,000,000",,"5,000,000",LMS,,,0,이승미,신지수,,광고1본부_1팀
2026. 1. 27,2026년1월,5주차,교육,광고주,단비교육,캐츠잉글리시,신세계포인트,LMS,"50,000",,"1,114",2.23%,,,100,"5,000,000",,"5,000,000",LMS,,,,이윤희,이윤희,,광고1본부_3팀
2026. 1. 27,2026년1월,5주차,교육,대행사,단비교육,윙크,SKT 비즈챗,LMS,"50,000",,478,0.96%,,,100,"5,000,000",,"5,000,000",LMS,35.0%,,0,이윤희,이윤희,,광고1본부_3팀
2026. 1. 27,2026년1월,5주차,교육,대행사,단비교육,윙크,경기지역화폐,PUSH,"333,333",,6541,1.96%,,,30,"5,000,000",,"5,000,000",PUSH,,,0,이윤희,이윤희,,광고1본부_3팀
2026. 1. 27,2026년1월,5주차,자동차,대행사,커스텀그라운드,랜드로버,롯데카드,LMS,"100,000","10,000",,0.00%,,,100,"9,000,000",,"9,000,000",LMS,,10.0%,"900,000",이승미,신지수,,광고1본부_1팀
2026. 1. 27,2026년1월,5주차,교육,광고주,아이스크림에듀,아이스크림홈런,BC카드(CNCAD),LMS,"50,000",,934,1.87%,,,100,"5,000,000",,"5,000,000",LMS,,,0,이승미,신지수,,광고1본부_1팀
2026. 1. 27,2026년1월,5주차,교육,광고주,천재교과서,밀크티,삼성카드,LMS,"50,000",,750,1.50%,,,100,"5,000,000",,"5,000,000",LMS,,,0,이승미,신지수,,광고1본부_1팀
2026. 1. 27,2026년1월,5주차,교육,광고주,천재교과서,밀크티,우리카드(CNCAD),LMS,"50,000",,583,1.17%,,,100,"5,000,000",,"5,000,000",LMS,,,0,이승미,신지수,,광고1본부_1팀
2026. 1. 27,2026년1월,5주차,금융,대행사,메리츠화재 장기TM,메조미디어,신세계포인트,LMS,"50,000",,,0.00%,,,100,"5,000,000",,"5,000,000",LMS,,20%%,0,김영현,김영현,,광고1본부_2팀
2026. 1. 27,2026년1월,5주차,금융,대행사,메리츠화재 장기TM,메조미디어,국민카드,LMS,"50,000",,,0.00%,,,86,"4,300,000",,"4,300,000",LMS,,20%%,0,김영현,김영현,,광고1본부_2팀
2026. 1. 27,2026년1월,5주차,교육,대행사,단비교육,윙크,삼성카드,LMS,"50,000",,"1,022",2.04%,,,100,"5,000,000",,"5,000,000",LMS,,,0,이윤희,이윤희,,광고1본부_3팀
2026. 1. 28,2026년1월,5주차,자동차,대행사,커스텀그라운드,랜드로버,LG U+,LMS,"75,000","15,000",,0.00%,,,100,"6,000,000",,"6,000,000",LMS,,10.0%,"600,000",이승미,신지수,,광고1본부_1팀
2026. 1. 28,2026년1월,5주차,교육,광고주,단비교육,캐츠잉글리시,베이비프렌즈,LMS,"21,000",,644,3.07%,,,100,"2,100,000",,"2,100,000",LMS,,,,이윤희,이윤희,,광고1본부_3팀
2026. 1. 28,2026년1월,5주차,교육,대행사,단비교육,윙크,우리카드(CNCAD),LMS,"50,000",,"1,052",2.10%,,,100,"5,000,000",,"5,000,000",LMS,,,0,이윤희,이윤희,,광고1본부_3팀
2026. 1. 28,2026년1월,5주차,자동차,대행사,커스텀그라운드,랜드로버,롯데카드,LMS,"100,000","10,000",,0.00%,,,100,"9,000,000",,"9,000,000",LMS,,10.0%,"900,000",이승미,신지수,,광고1본부_1팀
2026. 1. 28,2026년1월,5주차,교육,광고주,천재교과서,밀크티,롯데카드,LMS,"50,000",,82,0.16%,,,100,"5,000,000",,"5,000,000",LMS,,,0,이승미,신지수,,광고1본부_1팀
2026. 1. 28,2026년1월,5주차,교육,광고주,천재교과서,밀크티,국민카드,LMS,"50,000",,629,1.26%,,,100,"5,000,000",,"5,000,000",LMS,,,0,이승미,신지수,,광고1본부_1팀
2026. 1. 29,2026년1월,5주차,교육,광고주,비상교육,온리원,에듀패밀리,LMS,"50,000",,834,1.67%,,,100,"5,000,000",,"5,000,000",LMS,,,,이윤희,이윤희,,광고1본부_3팀
2026. 1. 29,2026년1월,5주차,교육,광고주,단비교육,캐츠잉글리시,신한카드,LMS,"70,000",,"2,033",2.90%,,,100,"5,000,000",,"5,000,000",LMS,,,,이윤희,이윤희,,광고1본부_3팀
2026. 1. 29,2026년1월,5주차,교육,광고주,단비교육,윙크,SKT 비즈챗,LMS,"50,000",,622,1.24%,,,100,"5,000,000",,"5,000,000",LMS,35.0%,,0,이윤희,이윤희,,광고1본부_3팀
2026. 1. 29,2026년1월,5주차,자동차,대행사,커스텀그라운드,랜드로버,롯데카드,LMS,"100,000","10,000",,0.00%,,,100,"9,000,000",,"9,000,000",LMS,,10.0%,"900,000",이승미,신지수,,광고1본부_1팀
2026. 1. 29,2026년1월,5주차,분양,대행사,가비아컴,효성 해링턴 플레이스 풍무,신한카드(CNCAD),LMS,"50,000",,905,1.81%,,,100,"5,000,000",,"5,000,000",LMS,,13.0%,"650,000",이승미,오유진,,광고1본부_1팀
2026. 1. 29,2026년1월,5주차,분양,대행사,링스커뮤니케이션,일산 더샵 퍼스트월드,삼성카드,LMS,"30,000",,914,3.05%,,,100,"3,000,000",,"3,000,000",LMS,,10.0%,"300,000",이승미,오유진,,광고1본부_1팀
2026. 1. 29,2026년1월,5주차,교육,광고주,아이스크림에듀,아이스크림홈런,키즈노트,LMS,"50,000",,964,1.93%,,,100,"5,000,000",,"5,000,000",LMS,,,0,이승미,신지수,,광고1본부_1팀
2026. 1. 29,2026년1월,5주차,교육,광고주,아이스크림에듀,아이스크림홈런,베이비프렌즈,LMS,"50,000",,737,1.47%,,,120,"6,000,000",,"6,000,000",LMS,,,0,이승미,신지수,,광고1본부_1팀
2026. 1. 29,2026년1월,5주차,교육,광고주,아이스크림에듀,아이스크림홈런,키즈닝,LMS,"50,000",,387,0.77%,,,100,"5,000,000",,"5,000,000",LMS,,,0,이승미,신지수,,광고1본부_1팀
2026. 1. 29,2026년1월,5주차,교육,광고주,아이스크림에듀,아이스크림홈런,베이비메모리즈,LMS,"50,000",,"1,300",2.60%,,,120,"6,000,000",,"6,000,000",LMS,,,0,이승미,신지수,,광고1본부_1팀
2026. 1. 29,2026년1월,5주차,교육,광고주,아이스크림에듀,아이스크림홈런,베이비파스텔,LMS,"50,000",,"1,079",2.16%,,,120,"6,000,000",,"6,000,000",LMS,,,0,이승미,신지수,,광고1본부_1팀
2026. 1. 29,2026년1월,5주차,교육,광고주,천재교과서,밀크티,삼성카드,LMS,"50,000",,777,1.55%,,,100,"5,000,000",,"5,000,000",LMS,,,0,이승미,신지수,,광고1본부_1팀
2026. 1. 29,2026년1월,5주차,교육,광고주,천재교과서,밀크티,우리카드(CNCAD),LMS,"95,000",,"1,166",1.23%,,,100,"9,500,000",,"9,500,000",LMS,,,0,이승미,신지수,,광고1본부_1팀
2026. 1. 29,2026년1월,5주차,분양,대행사,소프트자이온,운정 아이파크 포레스트,삼성카드,LMS,"30,000",,"1,124",3.75%,,,100,"3,000,000",,"3,000,000",LMS,,10.0%,"300,000",이승미,오유진,,광고1본부_1팀
2026. 1. 29,2026년1월,5주차,분양,대행사,제이지파트너스,강릉 더리브 퍼스티지,SKT 비즈챗,LMS,"20,000",,520,2.60%,,,100,"2,000,000",,"2,000,000",LMS,35.0%,20%%,0,이승미,오유진,,광고1본부_1팀
2026. 1. 29,2026년1월,5주차,분양,광고주,윤마루,울산 e편한세상 번영로 리더스포레,호갱노노 채널톡,카카오 채널톡,"50,000",,979,1.96%,,,200,"10,000,000",,"10,000,000",LMS,,10.0%,"1,000,000",이승미,오유진,,광고1본부_1팀
2026. 1. 29,2026년1월,5주차,금융,대행사,메리츠화재 장기TM,메조미디어,SKT 비즈챗,LMS,"50,000",,,0.00%,,29일 롯데카드 셋팅 오류로 인한 대안 매체 (광고주 정산 포함),100,"5,000,000",,"5,000,000",LMS,35.0%,20%%,0,김영현,김영현,,광고1본부_2팀
2026. 1. 30,2026년1월,5주차,분양,광고주,윤마루,울산 e편한세상 번영로 리더스포레,신세계포인트,LMS,"100,000",,"2,000",2.00%,,,100,"10,000,000",,"10,000,000",LMS,,10.0%,"1,000,000",이승미,오유진,,광고1본부_1팀
2026. 1. 30,2026년1월,5주차,자동차,대행사,커스텀그라운드,랜드로버,롯데카드,LMS,"100,000","10,000",,0.00%,,,100,"9,000,000",,"9,000,000",LMS,,10.0%,"900,000",이승미,신지수,,광고1본부_1팀
2026. 1. 30,2026년1월,5주차,분양,대행사,가비아컴,인하대역 수자인,롯데카드,LMS,"50,000",,384,0.77%,,,100,"5,000,000",,"5,000,000",LMS,,13.0%,"650,000",이승미,오유진,,광고1본부_1팀
2026. 1. 30,2026년1월,5주차,분양,대행사,소프트자이온,서수원 에피트 센트럴마크,삼성카드,LMS,"30,000",,770,2.57%,,,100,"3,000,000",,"3,000,000",LMS,,10.0%,"300,000",이승미,오유진,,광고1본부_1팀
2026. 1. 30,2026년1월,5주차,분양,대행사,소프트자이온,효성 해링턴 플레이스 풍무,삼성카드,LMS,"50,000",,"1,114",2.23%,,,100,"5,000,000",,"5,000,000",LMS,,,0,이승미,오유진,,광고1본부_1팀
2026. 1. 30,2026년1월,5주차,분양,광고주,윤정민,용현 학익 씨티오씨엘 ,국민카드,LMS,"50,000",,934,1.87%,,,100,"5,000,000",,"5,000,000",LMS,,10.0%,"500,000",이승미,오유진,,광고1본부_1팀
2026. 1. 30,2026년1월,5주차,분양,대행사,링스커뮤니케이션,일산 더샵 퍼스트월드,국민카드,LMS,"30,000",,580,1.93%,,,100,"3,000,000",,"3,000,000",LMS,,10.0%,"300,000",이승미,오유진,,광고1본부_1팀
2026. 1. 30,2026년1월,5주차,교육,광고주,아이스크림에듀,아이스크림홈런,키즈노트,LMS,"45,000",,781,1.74%,,,100,"4,500,000",,"4,500,000",LMS,,,0,이승미,신지수,,광고1본부_1팀
2026. 1. 30,2026년1월,5주차,분양,대행사,소프트자이온,용인 고진역 대광로제비앙,삼성카드,LMS,"50,000",,"1,070",2.14%,,,100,"5,000,000",,"5,000,000",LMS,,10.0%,"500,000",이승미,오유진,,광고1본부_1팀
2026. 1. 30,2026년1월,5주차,분양,광고주,도하영,용현 학익 씨티오씨엘 ,KT,LMS,"20,000",,552,2.76%,,,100,"2,000,000",,"2,000,000",LMS,,,0,이승미,오유진,,광고1본부_1팀
2026. 1. 30,2026년1월,5주차,분양,대행사,제이지파트너스,아산 탕정 동일 하이빌,KT,LMS,"20,000",,411,2.06%,,,100,"2,000,000",,"2,000,000",LMS,,20%%,0,이승미,오유진,,광고1본부_1팀
2026. 1. 30,2026년1월,5주차,금융,대행사,메리츠화재 장기TM,메조미디어,BC카드,LMS,"50,000",,,0.00%,,,100,"5,000,000",,"5,000,000",LMS,,20%%,0,김영현,김영현,,광고1본부_2팀
2026. 1. 30,2026년1월,5주차,금융,대행사,메리츠화재 장기TM,메조미디어,롯데카드,LMS,"50,000","50,000",,0.00%,,"29일 > 30일 매체 셋팅 오류 이슈 (브레인큐브3만, 롯데카드 2만 부담_광고주 정산서 미포함)",100,0,,0,LMS,,20%%,0,김영현,김영현,,광고1본부_2팀
2026. 1. 31,2026년1월,5주차,금융,대행사,팀민트,메리츠화재 펫보험,롯데카드,SOS,"30,437",,,0.00%,,,80,"2,434,960",,"2,434,960",LMS,,5%,"121,748",김영현,김영현,,광고1본부_2팀
2026. 1. 31,2026년1월,5주차,금융,대행사,팀민트,메리츠화재 펫보험,국민카드,SOS,"50,000",,,0.00%,,,100,"5,000,000",,"5,000,000",LMS,,5%,"250,000",김영현,김영현,,광고1본부_2팀
2026. 2. 1,2026년2월,1주차,교육,대행사,넥스트미디어그룹,한우리열린교육,키즈닝,PUSH+DA,0,,,0.00%,,,,"4,200,000",,"4,200,000",DA+PUSH,15.0%,5.0%,"210,000",박현정,박민호,,광고2본부_1팀
2026. 2. 1,2026년2월,1주차,교육,대행사,넥스트미디어그룹,한우리열린교육,경기지역화폐,PUSH,0,,,0.00%,,,,"5,000,000",,"5,000,000",DA+PUSH,15.0%,5.0%,"250,000",박현정,박민호,,광고2본부_1팀
2026. 2. 2,2026년2월,1주차,뷰티,대행사,스마트투엠,아이오마강남,우리카드(CNCAD),LMS,"50,000",,"1,302",2.60%,,,100,"5,000,000",,"5,000,000",LMS,,10.0%,"500,000",이윤희,이윤희,,광고1본부_3팀
2026. 2. 2,2026년2월,1주차,뷰티,대행사,스마트투엠,베르메디,국민카드,LMS,"50,000",,769,1.54%,,,100,"5,000,000",,"5,000,000",LMS,,,0,이윤희,이윤희,,광고1본부_3팀
2026. 2. 2,2026년2월,1주차,교육,광고주,메가스터디,엘리하이,신한카드(직),LMS,"50,000",,817,1.63%,,,100,"5,000,000",,"5,000,000",LMS,,,0,이윤희,이윤희,,광고1본부_3팀
2026. 2. 2,2026년2월,1주차,자동차,대행사,커스텀그라운드,랜드로버,엘포인트,LMS,"50,000",,,0.00%,,,70,"3,500,000",,"3,500,000",LMS,,10.0%,"350,000",이승미,신지수,,광고1본부_1팀
2026. 2. 2,2026년2월,1주차,금융,대행사,메조미디어,메리츠화재 장기TM,국민카드,LMS,"329,630",,,0.00%,,,100,"32,963,000",,"32,963,000",LMS,,15%,"4,944,450",김영현,김영현,,광고1본부_2팀
2026. 2. 3,2026년2월,1주차,교육,광고주,단비교육,윙크,삼성카드,LMS,"50,000",,788,1.58%,,,100,"5,000,000",,"5,000,000",LMS,,,0,이윤희,이윤희,,광고1본부_3팀
2026. 2. 3,2026년2월,1주차,교육,광고주,단비교육,윙크,롯데카드,LMS,"50,000",,232,0.46%,,,100,"5,000,000",,"5,000,000",LMS,,,0,이윤희,이윤희,,광고1본부_3팀
2026. 2. 3,2026년2월,1주차,교육,광고주,단비교육,윙크,신한카드(직),LMS,"40,000",,"1,339",3.35%,,,100,"4,000,000",,"4,000,000",LMS,,,0,이윤희,이윤희,,광고1본부_3팀
2026. 2. 3,2026년2월,1주차,교육,광고주,단비교육,윙크,하나카드,LMS,"50,000",,733,1.47%,,,100,"5,000,000",,"5,000,000",LMS,,,0,이윤희,이윤희,,광고1본부_3팀
2026. 2. 3,2026년2월,1주차,교육,광고주,아이스크림에듀,아이스크림홈런,국민카드,LMS,"50,000",,687,1.37%,,,100,"5,000,000",,"5,000,000",LMS,,,0,이승미,신지수,,광고1본부_1팀
2026. 2. 3,2026년2월,1주차,교육,광고주,천재교과서,밀크티,국민카드,LMS,"100,000",,"1,280",1.28%,,,110,"11,000,000",,"11,000,000",LMS,10.0%,,0,이승미,신지수,,광고1본부_1팀
2026. 2. 3,2026년2월,1주차,교육,광고주,천재교과서,밀크티,맘시터,LMS,"100,000",,"1,216",1.22%,,,110,"11,000,000",,"11,000,000",LMS,10.0%,,0,이승미,신지수,,광고1본부_1팀
2026. 2. 3,2026년2월,1주차,교육,광고주,천재교과서,밀크티,키즈닝,LMS,"100,000",,673,0.67%,,,100,"10,000,000",,"10,000,000",LMS,,,0,이승미,신지수,,광고1본부_1팀
2026. 2. 3,2026년2월,1주차,교육,광고주,비상교육,온리원,국민카드,LMS,"60,000","10,000",144,0.24%,19,,100,"5,000,000",,"5,000,000",LMS,,,0,이윤희,이윤희,,광고1본부_3팀
2026. 2. 3,2026년2월,1주차,교육,광고주,단비교육,캐츠잉글리시,롯데카드,LMS,"50,000",,341,0.68%,,,100,"5,000,000",,"5,000,000",LMS,,,0,이윤희,이윤희,,광고1본부_3팀
2026. 2. 3,2026년2월,1주차,교육,광고주,단비교육,캐츠잉글리시,제로페이,LMS,"50,000",,"1,345",2.69%,,,100,"5,000,000",,"5,000,000",LMS,,,0,이윤희,이윤희,,광고1본부_3팀
2026. 2. 3,2026년2월,1주차,교육,광고주,단비교육,캐츠잉글리시,베이비메모리즈,LMS,"23,000",,971,4.22%,,,120,"2,760,000",,"2,760,000",LMS,,,0,이윤희,이윤희,,광고1본부_3팀
2026. 2. 3,2026년2월,1주차,교육,광고주,단비교육,캐츠잉글리시,키자니아,LMS,"47,000",,826,1.76%,,,100,"4,700,000",,"4,700,000",LMS,,,0,이윤희,이윤희,,광고1본부_3팀
2026. 2. 3,2026년2월,1주차,교육,광고주,메가스터디,엠베스트,신한카드,LMS,"50,000",,,0.00%,,,100,"5,000,000",,"5,000,000",LMS,,,0,이윤희,이윤희,,광고1본부_3팀
2026. 2. 3,2026년2월,1주차,교육,광고주,메가스터디,엘리하이,베이비뉴스,LMS,"50,000",,779,1.56%,,,120,"6,000,000",,"6,000,000",LMS,,,0,이윤희,이윤희,,광고1본부_3팀
2026. 2. 3,2026년2월,1주차,교육,광고주,단비교육,캐츠잉글리시,경기지역화폐,PUSH,"166,666",,,0.00%,,,15,"2,500,000",,"2,500,000",PUSH,,,0,이윤희,이윤희,,광고1본부_3팀
2026. 2. 3,2026년2월,1주차,자동차,대행사,커스텀그라운드,랜드로버,엘포인트,LMS,"50,000",,,0.00%,,,70,"3,500,000",,"3,500,000",LMS,,10.0%,"350,000",이승미,신지수,,광고1본부_1팀
2026. 2. 3,2026년2월,1주차,금융,대행사,메조미디어,메리츠화재 장기TM,롯데카드,LMS,"50,000",,,0.00%,,,100,"5,000,000",,"5,000,000",LMS,,15%,"750,000",김영현,김영현,,광고1본부_2팀
2026. 2. 3,2026년2월,1주차,금융,광고주,메리츠화재,메리츠화재 TM마케팅,롯데카드,LMS,"50,000",,,0.00%,,,100,"5,000,000",,"5,000,000",LMS,,,,김영현,김영현,,광고1본부_2팀
2026. 2. 3,2026년2월,1주차,금융,대행사,팀민트,메리츠화재 펫보험,국민카드,LMS,"50,000",,,0.00%,,,100,"5,000,000",,"5,000,000",LMS,,15%,"750,000",김영현,김영현,,광고1본부_2팀
2026. 2. 4,2026년2월,1주차,뷰티,대행사,제이지파트너스,릴리커버,국민카드,LMS,"30,000",,619,2.06%,,,100,"3,000,000",,"3,000,000",LMS,,20%%,0,이승미,오유진,,광고1본부_1팀
2026. 2. 4,2026년2월,1주차,교육,광고주,아이스크림에듀,아이스크림홈런,제로페이,LMS,"50,000",,"1,507",3.01%,,,100,"5,000,000",,"5,000,000",LMS,,,0,이승미,신지수,,광고1본부_1팀
2026. 2. 4,2026년2월,1주차,교육,광고주,아이스크림에듀,아이스크림홈런,우리카드(CNCAD),LMS,"50,000",,"1,046",2.09%,,,100,"5,000,000",,"5,000,000",LMS,,,0,이승미,신지수,,광고1본부_1팀
2026. 2. 4,2026년2월,1주차,교육,광고주,아이스크림에듀,아이스크림홈런,키즈노트,LMS,"60,000",,"1,120",1.87%,,,100,"6,000,000",,"6,000,000",LMS,,,0,이승미,신지수,,광고1본부_1팀
2026. 2. 4,2026년2월,1주차,기타,광고주,다우기술,바이린샵,신한카드,MMS,"33,334",,,0.00%,,,150,"5,000,000",,"5,000,000",MMS,,10.0%,"500,000",박현정,박민호,,광고2본부_1팀
2026. 2. 4,2026년2월,1주차,교육,광고주,단비교육,윙크,베이비프렌즈,LMS,"16,000",,181,1.13%,,,120,"1,920,000",,"1,920,000",LMS,,,0,이윤희,이윤희,,광고1본부_3팀
2026. 2. 4,2026년2월,1주차,교육,광고주,단비교육,윙크,베이비메모리즈,LMS,"9,000",,199,2.21%,,,120,"1,080,000",,"1,080,000",LMS,,,0,이윤희,이윤희,,광고1본부_3팀
2026. 2. 4,2026년2월,1주차,교육,광고주,단비교육,윙크,마미톡,LMS,"35,000",,266,0.76%,,,100,"3,500,000",,"3,500,000",LMS,,,0,이윤희,이윤희,,광고1본부_3팀
2026. 2. 4,2026년2월,1주차,교육,광고주,단비교육,캐츠잉글리시,하나카드,LMS,"50,000",,"1,076",2.15%,,,100,"5,000,000",,"5,000,000",LMS,,,0,이윤희,이윤희,,광고1본부_3팀
2026. 2. 4,2026년2월,1주차,교육,광고주,단비교육,캐츠잉글리시,삼성카드,LMS,"50,000",,"1,568",3.14%,,,100,"5,000,000",,"5,000,000",LMS,,,0,이윤희,이윤희,,광고1본부_3팀
2026. 2. 4,2026년2월,1주차,교육,광고주,단비교육,캐츠잉글리시,키자니아,LMS,"36,900",,978,2.65%,,,100,"3,690,000",,"3,690,000",LMS,,,0,이윤희,이윤희,,광고1본부_3팀
2026. 2. 4,2026년2월,1주차,교육,광고주,비상교육,온리원,신한카드(직),LMS,"50,000",,670,1.34%,19,,100,"5,000,000",,"5,000,000",LMS,,,0,이윤희,이윤희,,광고1본부_3팀
2026. 2. 4,2026년2월,1주차,교육,광고주,비상교육,온리원,SKT 비즈챗,LMS,"50,000",,645,1.29%,43,,100,"5,000,000",,"5,000,000",LMS,,,0,이윤희,이윤희,,광고1본부_3팀
2026. 2. 4,2026년2월,1주차,자동차,대행사,커스텀그라운드,랜드로버,엘포인트,LMS,"50,000",,,0.00%,,,70,"3,500,000",,"3,500,000",LMS,,10.0%,"350,000",이승미,신지수,,광고1본부_1팀
2026. 2. 4,2026년2월,1주차,금융,대행사,메조미디어,메리츠화재 장기TM,BC카드,LMS,"50,000",,,0.00%,,,100,"5,000,000",,"5,000,000",LMS,,15%,"750,000",김영현,김영현,,광고1본부_2팀
2026. 2. 5,2026년2월,1주차,분양,대행사,제이지파트너스,양주 신영지웰,BC카드,LMS,"30,000",,792,2.64%,,,100,"3,000,000",,"3,000,000",LMS,,20%%,0,이승미,오유진,,광고1본부_1팀
2026. 2. 5,2026년2월,1주차,교육,광고주,아이스크림에듀,아이스크림홈런,BC카드(CNCAD),LMS,"30,000",,882,2.94%,,,100,"3,000,000",,"3,000,000",LMS,,,0,이승미,신지수,,광고1본부_1팀
2026. 2. 5,2026년2월,1주차,교육,광고주,아이스크림에듀,아이스크림홈런,국민카드,LMS,"50,000",,"1,117",2.23%,,,100,"5,000,000",,"5,000,000",LMS,,,0,이승미,신지수,,광고1본부_1팀
2026. 2. 5,2026년2월,1주차,교육,광고주,아이스크림에듀,아이스크림홈런,베이비메모리즈,LMS,"72,000",,"1,568",2.18%,,,100,"7,200,000",,"7,200,000",LMS,,,0,이승미,신지수,,광고1본부_1팀
2026. 2. 5,2026년2월,1주차,교육,광고주,아이스크림에듀,아이스크림홈런,베이비파스텔,LMS,"20,000",,352,1.76%,,,100,"2,000,000",,"2,000,000",LMS,,,0,이승미,신지수,,광고1본부_1팀
2026. 2. 5,2026년2월,1주차,교육,광고주,아이스크림에듀,아이스크림홈런,키즈노트,LMS,"45,000",,829,1.84%,,,100,"4,500,000",,"4,500,000",LMS,,,0,이승미,신지수,,광고1본부_1팀
2026. 2. 5,2026년2월,1주차,분양,대행사,소프트자이온,원주 롯데캐슬 시그니처,삼성카드,LMS,"30,000",,825,2.75%,,,100,"3,000,000",,"3,000,000",LMS,,10.0%,"300,000",이승미,오유진,,광고1본부_1팀
2026. 2. 5,2026년2월,1주차,분양,광고주,윤정민,용현 학익 씨티오씨엘 ,신한카드,LMS,"50,000",,1149,0.00%,,,100,"5,000,000",,"5,000,000",LMS,,10.0%,"500,000",이승미,오유진,,광고1본부_1팀
2026. 2. 5,2026년2월,1주차,교육,광고주,단비교육,캐츠잉글리시,우리카드(CNCAD),LMS,"50,000",,942,1.88%,,,100,"5,000,000",,"5,000,000",LMS,,,0,이윤희,이윤희,,광고1본부_3팀
2026. 2. 5,2026년2월,1주차,교육,광고주,단비교육,캐츠잉글리시,키자니아,LMS,"26,000",,"1,065",4.10%,,,100,"2,600,000",,"2,600,000",LMS,,,0,이윤희,이윤희,,광고1본부_3팀
2026. 2. 5,2026년2월,1주차,교육,광고주,단비교육,캐츠잉글리시,경기지역화폐,PUSH,"166,667",,,0.00%,,,15,"2,500,000",,"2,500,000",PUSH,,,0,이윤희,이윤희,,광고1본부_3팀
2026. 2. 5,2026년2월,1주차,교육,광고주,단비교육,윙크,베이비파스텔,LMS,"13,100",,176,1.34%,,,120,"1,572,000",,"1,572,000",LMS,,,0,이윤희,이윤희,,광고1본부_3팀
2026. 2. 5,2026년2월,1주차,교육,광고주,단비교육,윙크,미즈톡톡,LMS,"11,600",,151,1.30%,,,120,"1,392,000",,"1,392,000",LMS,,,0,이윤희,이윤희,,광고1본부_3팀
2026. 2. 5,2026년2월,1주차,교육,광고주,단비교육,윙크,SKT 비즈챗,LMS,"50,000",,394,0.79%,,,100,"5,000,000",,"5,000,000",LMS,,,0,이윤희,이윤희,,광고1본부_3팀
2026. 2. 5,2026년2월,1주차,금융,대행사,메조미디어,메리츠화재 장기TM,롯데카드,LMS,"50,000",,,0.00%,,,100,"5,000,000",,"5,000,000",LMS,,15%,"750,000",김영현,김영현,,광고1본부_2팀
2026. 2. 5,2026년2월,1주차,금융,광고주,메리츠화재,메리츠화재 TM마케팅,하나카드,LMS,"50,000",,,0.00%,,,100,"5,000,000",,"5,000,000",LMS,,,,김영현,김영현,,광고1본부_2팀
2026. 2. 5,2026년2월,1주차,교육,광고주,비상교육,온리원,롯데카드,LMS,"50,000",,73,0.15%,25,,100,"5,000,000",,"5,000,000",LMS,,,0,이윤희,이윤희,,광고1본부_3팀
2026. 2. 6,2026년2월,1주차,교육,광고주,메가스터디,엘리하이,SKT 비즈챗,LMS,"50,000",,699,1.40%,,,100,"5,000,000",,"5,000,000",LMS,,,0,이윤희,이윤희,,광고1본부_3팀
2026. 2. 6,2026년2월,1주차,뷰티,광고주,리엔케이강남주연,리엔케이강남주연,KT,LMS,"60,000",,1064,1.77%,,,100,"6,000,000",,"6,000,000",LMS,,,0,이윤희,이윤희,,광고1본부_3팀
2026. 2. 6,2026년2월,1주차,교육,광고주,천재교과서,밀크티,경기지역화폐,PUSH,"166,666",,"1,494",0.90%,,,15,"2,500,000",,"2,500,000",PUSH,,,0,이승미,신지수,,광고1본부_1팀
2026. 2. 6,2026년2월,1주차,분양,대행사,제이지파트너스,아산 탕정 동일 하이빌,SKT 비즈챗,LMS,"20,000",,294,1.47%,,,100,"2,000,000",,"2,000,000",LMS,,20%%,0,이승미,오유진,,광고1본부_1팀
2026. 2. 6,2026년2월,1주차,분양,대행사,제이지파트너스,양주 신영지웰,신한카드,LMS,"50,000",,"1,159",2.32%,,,100,"5,000,000",,"5,000,000",LMS,,20%%,0,이승미,오유진,,광고1본부_1팀
2026. 2. 6,2026년2월,1주차,분양,광고주,도하영,용현 학익 씨티오씨엘 ,롯데카드,LMS,"50,000",,532,0.00%,,,100,"5,000,000",,"5,000,000",LMS,,,0,이승미,오유진,,광고1본부_1팀
2026. 2. 6,2026년2월,1주차,분양,광고주,윤정민,용현 학익 씨티오씨엘 ,신한카드,LMS,"50,000",,1034,2.07%,,,100,"5,000,000",,"5,000,000",LMS,,10.0%,"500,000",이승미,오유진,,광고1본부_1팀
2026. 2. 6,2026년2월,1주차,교육,광고주,아이스크림에듀,아이스크림홈런,키즈노트,LMS,"45,000",,685,1.52%,,,100,"4,500,000",,"4,500,000",LMS,,,0,이승미,신지수,,광고1본부_1팀
2026. 2. 6,2026년2월,1주차,분양,대행사,링스커뮤니케이션,일산 더샵 퍼스트월드,카카오페이,PUSH,"125,000",,"1,514",1.21%,,,40,"5,000,000",,"5,000,000",LMS,,10.0%,"500,000",이승미,오유진,,광고1본부_1팀
2026. 2. 6,2026년2월,1주차,분양,대행사,디지털캠프,쌍용 더 플래티넘 서면,삼성카드,LMS,"100,000",,"2,347",2.35%,,,100,"10,000,000",,"10,000,000",LMS,,10.0%,"1,000,000",이승미,오유진,,광고1본부_1팀
2026. 2. 6,2026년2월,1주차,금융,대행사,메조미디어,메리츠화재 장기TM,BC카드,LMS,"50,000",,,0.00%,,,100,"5,000,000",,"5,000,000",LMS,,15%,"750,000",김영현,김영현,,광고1본부_2팀
2026. 2. 7,2026년2월,1주차,교육,광고주,단비교육,윙크,베이비프렌즈,LMS,"51,900",,649,1.25%,,,120,"6,228,000",,"5,000,000",LMS,20.0%,,,이윤희,이윤희,,광고1본부_3팀
2026. 2. 7,2026년2월,1주차,교육,광고주,단비교육,윙크,베이비메모리즈,LMS,"22,000",,368,1.67%,,,120,"2,200,000",,"2,200,000",LMS,20.0%,,,이윤희,이윤희,,광고1본부_3팀
2026. 2. 7,2026년2월,1주차,교육,광고주,단비교육,윙크,마미톡,LMS,"57,000",,440,0.77%,,,100,"5,700,000",,"5,700,000",LMS,,,,이윤희,이윤희,,광고1본부_3팀
2026. 2. 9,2026년2월,2주차,교육,광고주,천재교과서,밀크티,신세계포인트,LMS,"100,000",,"1,689",1.69%,,,100,"10,000,000",,"10,000,000",LMS,,,0,이승미,신지수,,광고1본부_1팀
2026. 2. 9,2026년2월,2주차,교육,광고주,아이스크림에듀,아이스크림홈런,신한카드(직),LMS,"50,000",,"1,078",2.16%,,,100,"5,000,000",,"5,000,000",LMS,,,0,이승미,신지수,,광고1본부_1팀
2026. 2. 9,2026년2월,2주차,교육,광고주,아이스크림에듀,아이스크림홈런,H.point,LMS,"50,000",,"1,868",3.74%,,,100,"5,000,000",,"5,000,000",LMS,,,0,이승미,신지수,,광고1본부_1팀
2026. 2. 9,2026년2월,2주차,교육,광고주,아이스크림에듀,아이스크림홈런,우리카드(CNCAD),LMS,"50,000",,"1,004",2.01%,,,100,"5,000,000",,"5,000,000",LMS,,,0,이승미,신지수,,광고1본부_1팀
2026. 2. 9,2026년2월,2주차,교육,광고주,천재교과서,밀크티,롯데카드,LMS,"100,000",,162,0.16%,,,100,"10,000,000",,"10,000,000",LMS,,,0,이승미,신지수,,광고1본부_1팀
2026. 2. 9,2026년2월,2주차,병의원,대행사,강남밝은미소안과,강남밝은미소안과,국민카드,LMS,"50,000",,,0.00%,,,100,"5,000,000",,"5,000,000",LMS,,0.0%,0,박현정,박민호,,광고2본부_1팀
2026. 2. 9,2026년2월,2주차,교육,광고주,메가스터디,엠베스트,신세계포인트,LMS,"100,000",,"1,780",1.78%,,,100,"10,000,000",,"10,000,000",LMS,,,0,이윤희,이윤희,,광고1본부_3팀
2026. 2. 9,2026년2월,2주차,교육,광고주,비상교육,온리원,국민카드,LMS,"60,000","10,000",142,0.24%,24,,100,"5,000,000",,"5,000,000",LMS,,,0,이윤희,이윤희,,광고1본부_3팀
2026. 2. 9,2026년2월,2주차,금융,대행사,메조미디어,메리츠화재 장기TM,국민카드,LMS,"450,000","125,000",,0.00%,,,100,"32,500,000",,"32,500,000",LMS,,15%,"4,875,000",김영현,김영현,,광고1본부_2팀
2026. 2. 10,2026년2월,2주차,교육,광고주,아이스크림에듀,아이스크림홈런,롯데카드,LMS,"50,000",,379,0.76%,,,100,"5,000,000",,"5,000,000",LMS,,,0,이승미,신지수,,광고1본부_1팀
2026. 2. 10,2026년2월,2주차,교육,광고주,아이스크림에듀,아이스크림홈런,신세계포인트,LMS,"60,000",,"1,048",1.75%,,,100,"6,000,000",,"6,000,000",LMS,,,0,이승미,신지수,,광고1본부_1팀
2026. 2. 10,2026년2월,2주차,교육,광고주,천재교과서,밀크티,경기지역화폐,PUSH,"166,667",,"2,022",1.21%,,,15,"2,500,000",,"2,500,000",PUSH,,,0,이승미,신지수,,광고1본부_1팀
2026. 2. 10,2026년2월,2주차,교육,광고주,천재교과서,밀크티,신한카드(직),LMS,"100,000",,"1,482",1.48%,,,100,"10,000,000",,"10,000,000",LMS,,,0,이승미,신지수,,광고1본부_1팀
2026. 2. 10,2026년2월,2주차,교육,광고주,천재교과서,밀크티,제로페이,LMS,"50,000",,749,1.50%,,,100,"5,000,000",,"5,000,000",LMS,,,0,이승미,신지수,,광고1본부_1팀
2026. 2. 10,2026년2월,2주차,병의원,대행사,비앤빛안과,비앤빛안과,국민카드,LMS,"50,000",,,0.00%,,,100,"5,000,000",,"5,000,000",LMS,,0.0%,0,박현정,박민호,,광고2본부_1팀
2026. 2. 10,2026년2월,2주차,교육,광고주,메가스터디,엠베스트,LG U+,LMS,"50,000",,69,0.14%,,,100,"5,000,000",,"5,000,000",LMS,,,0,이윤희,이윤희,,광고1본부_3팀
2026. 2. 10,2026년2월,2주차,교육,광고주,단비교육,윙크,국민카드,LMS,"50,000",,206,0.41%,,,100,"5,000,000",,"5,000,000",LMS,,,0,이윤희,이윤희,,광고1본부_3팀
2026. 2. 10,2026년2월,2주차,교육,광고주,단비교육,윙크,삼성카드,LMS,"50,000",,"1,668",3.34%,,,100,"5,000,000",,"5,000,000",LMS,,,0,이윤희,이윤희,,광고1본부_3팀
2026. 2. 10,2026년2월,2주차,교육,광고주,단비교육,윙크,신한카드,LMS,"50,000",,650,1.30%,,,100,"5,000,000",,"5,000,000",LMS,,,0,이윤희,이윤희,,광고1본부_3팀
2026. 2. 10,2026년2월,2주차,교육,광고주,단비교육,윙크,BC카드(CNCAD),LMS,"50,000",,846,1.69%,,,100,"5,000,000",,"5,000,000",LMS,,,0,이윤희,이윤희,,광고1본부_3팀
2026. 2. 10,2026년2월,2주차,교육,광고주,웅진씽크빅,웅진스마트올초등,베이비프렌즈,LMS,"25,000",,404,1.62%,,,120,"3,000,000",,"3,000,000",LMS,,,0,이윤희,이윤희,,광고1본부_3팀
2026. 2. 10,2026년2월,2주차,교육,광고주,메가스터디,엘리하이,신세계포인트,LMS,"50,000",,801,1.60%,,,100,"5,000,000",,"5,000,000",LMS,,,0,이윤희,이윤희,,광고1본부_3팀
2026. 2. 10,2026년2월,2주차,교육,광고주,단비교육,캐츠잉글리시,에듀패밀리,LMS,"42,000",,"1,063",2.53%,,,100,"4,200,000",,"4,200,000",LMS,,,0,이윤희,이윤희,,광고1본부_3팀
2026. 2. 10,2026년2월,2주차,교육,대행사,커스텀그라운드,웅진세이브원,제로페이,LMS,"5,200",,,0.00%,,,100,"520,000",,"520,000",LMS,,0.0%,0,이승미,오유진,,광고1본부_1팀
2026. 2. 10,2026년2월,2주차,금융,대행사,메조미디어,메리츠화재 장기TM,롯데카드,LMS,"100,000",,,0.00%,,,100,"10,000,000",,"10,000,000",LMS,,15%,"1,500,000",김영현,김영현,,광고1본부_2팀
2026. 2. 10,2026년2월,2주차,금융,광고주,메리츠화재,메리츠화재 TM마케팅,SKT 비즈챗,LMS,"50,000",,,0.00%,,,100,"5,000,000",,"5,000,000",LMS,,,,김영현,김영현,,광고1본부_2팀
2026. 2. 10,2026년2월,2주차,교육,광고주,비상교육,온리원,신한카드,LMS,"50,000",,822,1.64%,18,,100,"5,000,000",,"5,000,000",LMS,,,0,이윤희,이윤희,,광고1본부_3팀
2026. 2. 11,2026년2월,2주차,교육,광고주,아이스크림에듀,아이스크림홈런,신한카드(직),LMS,"50,000",,"1,114",2.23%,,,100,"5,000,000",,"5,000,000",LMS,,,0,이승미,신지수,,광고1본부_1팀
2026. 2. 11,2026년2월,2주차,교육,광고주,DMC미디어,이투스에듀,KT,MMS,"33,334",,,0.00%,,100원단위 절삭,150,"5,000,000",,"5,000,000",MMS,,10.0%,"500,000",박현정,박현정,,광고2본부_1팀
2026. 2. 11,2026년2월,2주차,교육,광고주,단비교육,윙크,롯데카드,LMS,"50,000",,166,0.33%,,,100,"5,000,000",,"5,000,000",LMS,,,0,이윤희,이윤희,,광고1본부_3팀
2026. 2. 11,2026년2월,2주차,교육,광고주,단비교육,윙크,KT,LMS,"50,000",,"1,284",2.57%,,,100,"5,000,000",,"5,000,000",LMS,,,0,이윤희,이윤희,,광고1본부_3팀
2026. 2. 11,2026년2월,2주차,교육,광고주,웅진씽크빅,웅진스마트올키즈,맘시터,LMS,"45,000",,692,1.54%,,,110,"4,950,000",,"4,950,000",LMS,,,0,이윤희,이윤희,,광고1본부_3팀
2026. 2. 11,2026년2월,2주차,뷰티,광고주,리엔케이신사,리엔케이신사,BC카드(CNCAD),LMS,"30,000",,424,1.41%,,,100,"3,000,000",,"3,000,000",LMS,,,0,이윤희,이윤희,,광고1본부_3팀
2026. 2. 11,2026년2월,2주차,교육,광고주,단비교육,캐츠잉글리시,KT,LMS,"50,000",,"1,389",2.78%,,,100,"5,000,000",,"5,000,000",LMS,,,0,이윤희,이윤희,,광고1본부_3팀
2026. 2. 11,2026년2월,2주차,교육,광고주,단비교육,윙크,신세계포인트,LMS,"50,000",,693,1.39%,,,100,"5,000,000",,"5,000,000",LMS,,,0,이윤희,이윤희,,광고1본부_3팀
2026. 2. 11,2026년2월,2주차,교육,광고주,단비교육,윙크,신세계포인트,LMS,"50,000",,"1,317",2.63%,,,100,"5,000,000",,"5,000,000",LMS,,,0,이윤희,이윤희,,광고1본부_3팀
2026. 2. 11,2026년2월,2주차,금융,대행사,메조미디어,메리츠화재 장기TM,BC카드,LMS,"50,000",,,0.00%,,,100,"5,000,000",,"5,000,000",LMS,,15%,"750,000",김영현,김영현,,광고1본부_2팀
2026. 2. 11,2026년2월,2주차,교육,광고주,비상교육,온리원,롯데카드,LMS,"50,000",,82,0.16%,17,,100,"5,000,000",,"5,000,000",LMS,,,0,이윤희,이윤희,,광고1본부_3팀
2026. 2. 12,2026년2월,2주차,교육,광고주,아이스크림에듀,아이스크림홈런,H.point,LMS,"50,000",,"1,580",3.16%,,,100,"5,000,000",,"5,000,000",LMS,,,0,이승미,신지수,,광고1본부_1팀
2026. 2. 12,2026년2월,2주차,교육,광고주,아이스크림에듀,아이스크림홈런,맘시터,LMS,"40,000",,421,1.05%,,,100,"4,000,000",,"4,000,000",LMS,,,0,이승미,신지수,,광고1본부_1팀
2026. 2. 12,2026년2월,2주차,뷰티,대행사,제이지파트너스,릴리커버,국민카드,LMS,"30,000",,702,2.34%,,,100,"3,000,000",,"3,000,000",LMS,,20%%,0,이승미,오유진,,광고1본부_1팀
2026. 2. 12,2026년2월,2주차,교육,광고주,단비교육,윙크,KT,LMS,"50,000",,671,1.34%,,,100,"5,000,000",,"5,000,000",LMS,,,0,이윤희,이윤희,,광고1본부_3팀
2026. 2. 12,2026년2월,2주차,교육,광고주,단비교육,윙크,신한카드(직),LMS,"50,000",,511,1.02%,,,100,"5,000,000",,"5,000,000",LMS,,,0,이윤희,이윤희,,광고1본부_3팀
2026. 2. 12,2026년2월,2주차,교육,광고주,웅진씽크빅,웅진스마트올키즈,베이비뉴스,LMS,"30,000",,448,1.49%,,,120,"3,600,000",,"3,600,000",LMS,,,0,이윤희,이윤희,,광고1본부_3팀
2026. 2. 12,2026년2월,2주차,금융,대행사,메조미디어,메리츠화재 장기TM,롯데카드,LMS,"100,000",,,0.00%,,,100,"10,000,000",,"10,000,000",LMS,,15%,"1,500,000",김영현,김영현,,광고1본부_2팀
2026. 2. 13,2026년2월,2주차,금융,대행사,메조미디어,메리츠화재 장기TM,BC카드,LMS,"50,000",,,0.00%,,,100,"5,000,000",,"5,000,000",LMS,,15%,"750,000",김영현,김영현,,광고1본부_2팀
2026. 2. 19,2026년2월,3주차,병의원,대행사,제이지파트너스,플란치과 부산,BC카드,LMS,"50,000",,,0.00%,,,100,"5,000,000",,"5,000,000",LMS,,20%%,0,이승미,오유진,,광고1본부_1팀
2026. 2. 19,2026년2월,3주차,교육,광고주,단비교육,윙크,삼성카드,LMS,"50,000",,624,1.25%,,,100,"5,000,000",,"5,000,000",LMS,,,0,이윤희,이윤희,,광고1본부_3팀
2026. 2. 19,2026년2월,3주차,금융,광고주,메리츠화재,메리츠화재 TM마케팅,LG U+,LMS,"50,000",,,0.00%,,,100,"5,000,000",,"5,000,000",LMS,,,,김영현,김영현,,광고1본부_2팀
2026. 2. 20,2026년2월,3주차,분양,대행사,제이지파트너스,트리븐서산,삼성카드,LMS,"30,000",,761,0.00%,,,100,"3,000,000",,"3,000,000",LMS,,20%%,0,이승미,오유진,,광고1본부_1팀
2026. 2. 20,2026년2월,3주차,분양,대행사,씨앤씨애드,의왕 백운호수 라끄벨르,BC카드,LMS,"30,000",,463,1.54%,,,100,"3,000,000",,"3,000,000",LMS,,10.0%,"300,000",이승미,오유진,,광고1본부_1팀
2026. 2. 20,2026년2월,3주차,분양,대행사,링스커뮤니케이션,일산 더샵 퍼스트월드,카카오페이,PUSH,"125,000",,"1,321",1.06%,,,40,"5,000,000",,"5,000,000",LMS,,10.0%,"500,000",이승미,오유진,,광고1본부_1팀
2026. 2. 20,2026년2월,3주차,금융,대행사,메조미디어,메리츠화재 장기TM,BC카드,LMS,"50,000",,,0.00%,,,100,"5,000,000",,"5,000,000",LMS,,15%,"750,000",김영현,김영현,,광고1본부_2팀
2026. 2. 23,2026년2월,4주차,교육,광고주,아이스크림에듀,아이스크림홈런,신세계포인트,LMS,"80,000",,"1,524",1.91%,,,100,"8,000,000",,"8,000,000",LMS,,,0,이승미,신지수,,광고1본부_1팀
2026. 2. 23,2026년2월,4주차,교육,대행사,커스텀그라운드,웅진세이브원,결제선생,DA,,,,0.00%,,,,,,"2,860,000",DA+LMS,,0.0%,0,이승미,오유진,,광고1본부_1팀
2026. 2. 23,2026년2월,4주차,뷰티,광고주,한국오츠카제약주식회사,이너시그널,BC카드,LMS,"30,000",,,0.00%,,,100,"3,000,000",,"3,000,000",LMS,,,0,박현정,박민호,,광고2본부_1팀
2026. 2. 23,2026년2월,4주차,뷰티,광고주,리엔케이신사,리엔케이신사,BC카드(CNCAD),LMS,"30,000",,425,1.42%,,,100,"3,000,000",,"3,000,000",LMS,,,0,이윤희,이윤희,,광고1본부_3팀
2026. 2. 23,2026년2월,4주차,교육,광고주,비상교육,온리원,신세계포인트,LMS,"50,000",,766,1.53%,23,,100,"5,000,000",,"5,000,000",LMS,,,0,이윤희,이윤희,,광고1본부_3팀
2026. 2. 23,2026년2월,4주차,교육,광고주,메가스터디,엠베스트,LG U+,LMS,"15,000","15,000",20,0.13%,,,100,0,,0,LMS,,,0,이윤희,이윤희,,광고1본부_3팀
2026. 2. 23,2026년2월,4주차,교육,광고주,아이스크림에듀,아이스크림홈런,키즈노트,LMS,"50,000",,961,1.92%,,,100,"5,000,000",,"5,000,000",LMS,,,0,이승미,신지수,,광고1본부_1팀
2026. 2. 23,2026년2월,4주차,교육,광고주,비상교육,온리원,SKT 비즈챗,LMS,"50,000",,500,1.00%,20,,100,"5,000,000",,"5,000,000",LMS,,,0,이윤희,이윤희,,광고1본부_3팀
2026. 2. 23,2026년2월,4주차,교육,광고주,웅진씽크빅,웅진스마트올초등,제로페이,LMS,"70,000",,"1,600",2.29%,,,100,"7,000,000",,"7,000,000",LMS,,,0,이윤희,이윤희,,광고1본부_3팀
2026. 2. 24,2026년2월,2주차,병의원,대행사,엠비즈플래닛,하늘안과,국민카드,LMS,"50,000",,,0.00%,,,100,"5,000,000",,"5,000,000",LMS,,15.0%,"750,000",박현정,박민호,,광고2본부_1팀
2026. 2. 24,2026년2월,4주차,교육,광고주,아이스크림에듀,아이스크림홈런,키즈노트,LMS,"50,000",,897,1.79%,,,100,"5,000,000",,"5,000,000",LMS,,,0,이승미,신지수,,광고1본부_1팀
2026. 2. 24,2026년2월,4주차,교육,광고주,비상교육,온리원,BC카드(CNCAD),LMS,"50,000",,904,1.81%,19,,100,"5,000,000",,"5,000,000",LMS,,,0,이윤희,이윤희,,광고1본부_3팀
2026. 2. 24,2026년2월,4주차,교육,광고주,비상교육,온리원,SKT 비즈챗,LMS,"50,000",,523,1.05%,23,,100,"5,000,000",,"5,000,000",LMS,,,0,이윤희,이윤희,,광고1본부_3팀
2026. 2. 24,2026년2월,4주차,교육,광고주,단비교육,캐츠잉글리시,제로페이,LMS,"50,000",,965,1.93%,,,100,"5,000,000",,"5,000,000",LMS,,,0,이윤희,이윤희,,광고1본부_3팀
2026. 2. 24,2026년2월,4주차,교육,광고주,비상교육,온리원,베이비메모리즈,LMS,"50,000",,752,1.50%,27,,120,"6,000,000",,"6,000,000",LMS,,,0,이윤희,이윤희,,광고1본부_3팀
2026. 2. 24,2026년2월,4주차,금융,대행사,메조미디어,메리츠화재 장기TM,BC카드,LMS,"50,000",,,0.00%,,,100,"5,000,000",,"5,000,000",LMS,,15%,"750,000",김영현,김영현,,광고1본부_2팀
2026. 2. 24,2026년2월,4주차,금융,광고주,메리츠화재,메리츠화재 TM마케팅,BC카드,LMS,"50,000",,,0.00%,,,100,"5,000,000",,"5,000,000",LMS,,,,김영현,김영현,,광고1본부_2팀
2026. 2. 25,2026년2월,4주차,자동차,대행사,커스텀그라운드,랜드로버,하나카드,LMS,"150,000",,,0.00%,,,100,"15,000,000",,"15,000,000",LMS,,10.0%,"1,500,000",이승미,신지수,,광고1본부_1팀
2026. 2. 25,2026년2월,4주차,분양,대행사,제이지파트너스,빌리브 명지 듀클래스,삼성카드,LMS,"30,000",,699,0.00%,,,100,"3,000,000",,"3,000,000",LMS,,20%%,0,이승미,오유진,,광고1본부_1팀
2026. 2. 25,2026년2월,4주차,분양,대행사,씨앤씨애드,의왕 백운호수 라끄벨르,BC카드,LMS,"30,000",,291,0.97%,,,100,"3,000,000",,"3,000,000",LMS,,10.0%,"300,000",이승미,오유진,,광고1본부_1팀
2026. 2. 25,2026년2월,4주차,교육,광고주,아이스크림에듀,아이스크림홈런,키즈노트,LMS,"50,000",,921,1.84%,,,100,"5,000,000",,"5,000,000",LMS,,,0,이승미,신지수,,광고1본부_1팀
2026. 2. 25,2026년2월,4주차,교육,광고주,아이스크림에듀,아이스크림홈런,KT,LMS,"50,000",,"2,216",4.43%,,,100,"5,000,000",,"5,000,000",LMS,,,0,이승미,신지수,,광고1본부_1팀
2026. 2. 25,2026년2월,4주차,교육,광고주,비상교육,온리원,국민카드,LMS,"60,000","10,000",172,0.29%,14,,100,"5,000,000",,"5,000,000",LMS,,,0,이윤희,이윤희,,광고1본부_3팀
2026. 2. 25,2026년2월,4주차,금융,대행사,메조미디어,메리츠화재 장기TM,BC카드,LMS,"30,000",,,0.00%,,,100,"3,000,000",,"3,000,000",LMS,,15%,"450,000",김영현,김영현,,광고1본부_2팀
2026. 2. 25,2026년2월,4주차,교육,광고주,단비교육,캐츠잉글리시,키자니아,LMS,"73,000",,"1,129",1.55%,,,100,"7,300,000",,"7,300,000",LMS,,,0,이윤희,이윤희,,광고1본부_3팀
2026. 2. 25,2026년2월,4주차,교육,광고주,단비교육,캐츠잉글리시,에듀패밀리,LMS,"22,000",,395,1.80%,,,100,"2,200,000",,"2,200,000",LMS,,,0,이윤희,이윤희,,광고1본부_3팀
2026. 2. 26,2026년2월,4주차,생활용품,광고주,P&G,팸퍼스,국민카드,LMS,"50,000",,,0.00%,,,100,"5,000,000",,"5,000,000",LMS,,0,0,박현정,박현정,,광고2본부_1팀
2026. 2. 26,2026년2월,4주차,생활용품,광고주,P&G,팸퍼스,KT,LMS,"50,000",,,0.00%,,,100,"5,000,000",,"5,000,000",LMS,,0,0,박현정,박현정,,광고2본부_1팀
2026. 2. 26,2026년2월,4주차,병의원,대행사,제이지파트너스,모모의원 서울점,BC카드,LMS,"50,000",,,0.00%,,,100,"5,000,000",,"5,000,000",LMS,,20%%,0,이승미,오유진,,광고1본부_1팀
2026. 2. 26,2026년2월,4주차,자동차,대행사,커스텀그라운드,랜드로버,하나카드,LMS,"100,000",,,0.00%,,,100,"10,000,000",,"10,000,000",LMS,,10.0%,"1,000,000",이승미,신지수,,광고1본부_1팀
2026. 2. 26,2026년2월,4주차,분양,대행사,제이지파트너스,본 아르떼 리버뷰,KT,LMS,"30,000",,"1,267",0.00%,,,100,"3,000,000",,"3,000,000",LMS,,20%%,0,이승미,오유진,,광고1본부_1팀
2026. 2. 26,2026년2월,4주차,병의원,대행사,제이지파트너스,플란치과 부평,BC카드,LMS,"50,000",,,0.00%,,,100,"5,000,000",,"5,000,000",LMS,,20%%,0,이승미,오유진,,광고1본부_1팀
2026. 2. 26,2026년2월,4주차,금융,광고주,메리츠화재,메리츠화재 TM마케팅,국민카드,LMS,"50,000",,,0.00%,,,100,"5,000,000",,"5,000,000",LMS,,,,김영현,김영현,,광고1본부_2팀
2026. 2. 27,2026년2월,4주차,분양,광고주,도하영,용현 학익 씨티오씨엘 ,KT,LMS,"20,000",,"1,037",0.00%,,,100,"2,000,000",,"2,000,000",LMS,,,0,이승미,오유진,,광고1본부_1팀
2026. 2. 27,2026년2월,4주차,분양,대행사,제이지파트너스,평촌 롯데캐슬 르씨엘,국민카드,LMS,"30,000",,492,0.00%,,,100,"3,000,000",,"3,000,000",LMS,,20%%,0,이승미,오유진,,광고1본부_1팀
2026. 2. 27,2026년2월,4주차,병의원,대행사,제이지파트너스,모모의원 부산점,BC카드,LMS,"50,000",,,0.00%,,,100,"5,000,000",,"5,000,000",LMS,,20%%,0,이승미,오유진,,광고1본부_1팀
2026. 2. 27,2026년2월,4주차,분양,광고주,최은주,아산 모종 서한 이다음,국민카드,LMS,"30,000",,469,1.56%,,,100,"3,000,000",,"3,000,000",LMS,,,0,이승미,오유진,,광고1본부_1팀
2026. 2. 27,2026년2월,4주차,분양,대행사,가비아컴,인하대역 수자인,신한카드,LMS,"50,000",,"1,064",2.13%,,,100,"5,000,000",,"5,000,000",LMS,,13.0%,"650,000",이승미,오유진,,광고1본부_1팀
2026. 2. 27,2026년2월,4주차,분양,광고주,윤마루,울산 e편한세상 번영로 리더스포레,BC카드,LMS,"50,000",,760,1.52%,,,100,"5,000,000",,"5,000,000",LMS,,10.0%,"500,000",이승미,오유진,,광고1본부_1팀
2026. 2. 27,2026년2월,4주차,분양,광고주,윤마루,울산 e편한세상 번영로 리더스포레,엘포인트,LMS,"71,428",,581,0.81%,,,70,"5,000,000",,"5,000,000",LMS,,10.0%,"500,000",이승미,오유진,,광고1본부_1팀
2026. 2. 27,2026년2월,4주차,금융,대행사,메조미디어,메리츠화재 장기TM,롯데카드,LMS,"100,000",,,0.00%,,,100,0,,0,LMS,,15%,0,김영현,김영현,,광고1본부_2팀
2026. 2. 27,2026년2월,4주차,분양,대행사,제이지파트너스,엘리프 검단 포레듀,KT,LMS,"30,000",,"1,553",0.00%,,,100,"3,000,000",,"3,000,000",LMS,,20%%,0,이승미,오유진,,광고1본부_1팀
2026. 3. 4,2026년3월,1주차,뷰티,대행사,제이지파트너스,릴리커버,국민카드,LMS,"30,000",,457,1.52%,,,100,"3,000,000",,"3,000,000",LMS,,20%%,0,이승미,오유진,,광고1본부_1팀
2026. 3. 6,2026년3월,1주차,분양,대행사,제이지파트너스,평촌 롯데캐슬 르씨엘,삼성카드,LMS,"30,000",,688,0.00%,,,100,"3,000,000",,"3,000,000",LMS,,20%%,0,이승미,오유진,,광고1본부_1팀
2026. 3. 6,2026년3월,1주차,분양,대행사,제이지파트너스,용인 푸르지오 클루센트,신한카드,LMS,"50,000",,"1,110",0.00%,,,100,"5,000,000",,"5,000,000",LMS,,20%%,0,이승미,오유진,,광고1본부_1팀
2026. 3. 6,2026년3월,1주차,분양,대행사,가비아컴,평촌 롯데캐슬 르씨엘,신한카드,LMS,"50,000",,696,1.39%,,,100,"5,000,000",,"5,000,000",LMS,,13.0%,"650,000",이승미,오유진,,광고1본부_1팀
2026. 3. 10,2026년3월,2주차,병의원,대행사,엠비즈플래닛,하늘안과,국민카드,LMS,"50,000",,,0.00%,,,100,"5,000,000",,"5,000,000",LMS,,15.0%,"750,000",박현정,박민호,,광고2본부_1팀
2026. 3. 6,2026년3월,1주차,기타,대행사,다우기술,지방시뷰티,국민카드,MMS,"20,000",,,0.00%,,,150,"3,000,000",,"3,000,000",LMS,,10.0%,"300,000",박현정,박민호,,광고2본부_1팀
2026. 3. 11,2026년3월,2주차,자동차,대행사,DMC미디어,르노코리아,국민카드,LMS,"50,000",,,0.00%,,,100,"5,000,000",,"5,000,000",LMS,30.0%,10.0%,"500,000",박현정,박민호,,광고2본부_1팀
2026. 3. 12,2026년3월,2주차,자동차,대행사,DMC미디어,르노코리아,롯데카드,LMS,"50,000",,,0.00%,,,100,"5,000,000",,"5,000,000",LMS,20.0%,10.0%,"500,000",박현정,박민호,,광고2본부_1팀
2026. 3. 13,2026년3월,2주차,자동차,대행사,DMC미디어,르노코리아,삼성카드,LMS,"50,000",,,0.00%,,,100,"5,000,000",,"5,000,000",LMS,30.0%,10.0%,"500,000",박현정,박민호,,광고2본부_1팀
2026. 3. 13,2026년3월,2주차,분양,대행사,가비아컴,평촌 롯데캐슬 르씨엘,BC카드,LMS,"50,000",,673,1.35%,,,100,"5,000,000",,"5,000,000",LMS,,13.0%,"650,000",이승미,오유진,,광고1본부_1팀
2026. 3. 13,2026년3월,2주차,분양,대행사,제이지파트너스,용인 푸르지오 클루센트,국민카드,LMS,"50,000",,"1,094",0.00%,,,100,"5,000,000",,"5,000,000",LMS,,20%%,0,이승미,오유진,,광고1본부_1팀
2026. 3. 20,2026년3월,3주차,분양,대행사,가비아컴,평촌 롯데캐슬 르씨엘,신한카드,LMS,"50,000",,,0.00%,,,100,"5,000,000",,"5,000,000",LMS,,13.0%,"650,000",이승미,오유진,,광고1본부_1팀
2026. 3. 13,2026년3월,2주차,분양,대행사,디지털캠프,도안 우미린 트리쉐이드,삼성카드,LMS,"50,000",,"1,509",3.02%,,,100,"5,000,000",,"5,000,000",LMS,,10.0%,"500,000",이승미,오유진,,광고1본부_1팀
2026. 3. 10,2026년3월,2주차,병의원,대행사,제이지파트너스,플란치과 수원,BC카드,LMS,"50,000",,,0.00%,,,100,"5,000,000",,"5,000,000",LMS,,20%%,0,이승미,오유진,,광고1본부_1팀
2026. 3. 6,2026년3월,1주차,분양,대행사,링스커뮤니케이션,일산 더샵 퍼스트월드,카카오페이,PUSH,"125,000",,"1,891",1.51%,,,40,"5,000,000",,"5,000,000",LMS,,10.0%,"500,000",이승미,오유진,,광고1본부_1팀
2026. 3. 10,2026년3월,2주차,뷰티,대행사,제이지파트너스,릴리커버,국민카드,LMS,"30,000",,,0.00%,,,100,"3,000,000",,"3,000,000",LMS,,20%%,0,이승미,오유진,,광고1본부_1팀
2026. 3. 3,2026년3월,1주차,교육,광고주,메가스터디,엠베스트,신세계포인트,LMS,"50,000",,883,1.77%,,,100,"5,000,000",,"5,000,000",LMS,,,0,이윤희,이윤희,,광고1본부_3팀
2026. 3. 3,2026년3월,1주차,교육,광고주,메가스터디,엘리하이,SKT 비즈챗,LMS,"70,000",,767,1.10%,,,100,"7,000,000",,"7,000,000",LMS,,,0,이윤희,이윤희,,광고1본부_3팀
2026. 3. 4,2026년3월,1주차,뷰티,광고주,리엔케이강남주연,리엔케이강남주연,BC카드(CNCAD),LMS,"60,000",,613,1.02%,,,100,"6,000,000",,"6,000,000",LMS,,,0,이윤희,이윤희,,광고1본부_3팀
2026. 3. 4,2026년3월,1주차,뷰티,광고주,리엔케이신사,리엔케이신사,국민카드,LMS,"30,000",,217,0.72%,,,100,"3,000,000",,"3,000,000",LMS,,,0,이윤희,이윤희,,광고1본부_3팀
2026. 3. 4,2026년3월,1주차,뷰티,광고주,스마트투엠,베르메디,국민카드,LMS,"50,000",,700,1.40%,,,100,"5,000,000",,"5,000,000",LMS,,,0,이윤희,이윤희,,광고1본부_3팀
2026. 3. 5,2026년3월,1주차,뷰티,광고주,스마트투엠,아이오마강남,BC카드(CNCAD),LMS,"60,000",,"1,301",2.17%,,,100,"6,000,000",,"6,000,000",LMS,,,0,이윤희,이윤희,,광고1본부_3팀
2026. 3. 5,2026년3월,1주차,교육,광고주,메가스터디,엠베스트,제로페이,LMS,"50,000",,811,1.62%,,,100,"5,000,000",,"5,000,000",LMS,,,0,이윤희,이윤희,,광고1본부_3팀
2026. 3. 5,2026년3월,1주차,교육,광고주,메가스터디,엘리하이,BC카드(CNCAD),LMS,"50,000",,795,1.59%,,,100,"5,000,000",,"5,000,000",LMS,,,0,이윤희,이윤희,,광고1본부_3팀
2026. 3. 5,2026년3월,1주차,교육,광고주,단비교육,캐츠잉글리시,국민카드,LMS,"50,000",,879,1.76%,,,100,"5,000,000",,"5,000,000",LMS,,,0,이윤희,이윤희,,광고1본부_3팀
2026. 3. 5,2026년3월,1주차,교육,광고주,단비교육,캐츠잉글리시,삼성카드,LMS,"50,000",,"1,082",2.16%,,,100,"5,000,000",,"5,000,000",LMS,,,0,이윤희,이윤희,,광고1본부_3팀
2026. 3. 5,2026년3월,1주차,교육,광고주,단비교육,캐츠잉글리시,경기지역화폐,PUSH,"200,000",,,0.00%,,,15,"3,000,000",,"3,000,000",PUSH,,,0,이윤희,이윤희,,광고1본부_3팀
2026. 3. 18,2026년3월,3주차,병의원,대행사,제이지파트너스,플란치과 일산,BC카드,LMS,"50,000",,,0.00%,,,100,"5,000,000",,"5,000,000",LMS,,20%%,0,이승미,오유진,,광고1본부_1팀
2026. 3. 13,2026년3월,2주차,분양,대행사,제이지파트너스,범어자이르네,BC카드,LMS,"30,000",,652,2.17%,,,100,"3,000,000",,"3,000,000",LMS,,20%%,0,이승미,오유진,,광고1본부_1팀
2026. 3. 20,2026년3월,3주차,분양,대행사,제이지파트너스,해링턴 플레이스 목감역,국민카드,LMS,"30,000",,,0.00%,,,100,"3,000,000",,"3,000,000",LMS,,20%%,0,이승미,오유진,,광고1본부_1팀
2026. 3. 13,2026년3월,2주차,분양,대행사,제이지파트너스,해링턴 플레이스 목감역,국민카드,LMS,"30,000",,732,2.44%,,,100,"3,000,000",,"3,000,000",LMS,,20%%,0,이승미,오유진,,광고1본부_1팀
2026. 3. 5,2026년3월,1주차,교육,광고주,천재교과서,밀크티,삼성카드,LMS,"50,000",,714,1.43%,,,100,"5,000,000",,"5,000,000",LMS,,,0,이승미,신지수,,광고1본부_1팀
2026. 3. 6,2026년3월,1주차,교육,광고주,천재교과서,밀크티,경기지역화폐,LMS,"50,000",,,0.00%,,,100,"5,000,000",,"5,000,000",LMS,,,0,이승미,신지수,,광고1본부_1팀
2026. 3. 9,2026년3월,2주차,교육,광고주,천재교과서,밀크티,우리카드,LMS,"50,000",,675,1.35%,,,100,"5,000,000",,"5,000,000",LMS,,,0,이승미,신지수,,광고1본부_1팀
2026. 3. 10,2026년3월,2주차,교육,광고주,천재교과서,밀크티,삼성카드,LMS,"50,000",,738,1.48%,,,100,"5,000,000",,"5,000,000",LMS,,,0,이승미,신지수,,광고1본부_1팀
2026. 3. 11,2026년3월,2주차,교육,광고주,천재교과서,밀크티,롯데카드,LMS,"50,000",,167,0.33%,,,100,"5,000,000",,"5,000,000",LMS,,,0,이승미,신지수,,광고1본부_1팀
2026. 3. 17,2026년3월,3주차,교육,광고주,천재교과서,밀크티,국민카드(직),LMS,"50,000",,,0.00%,,,100,"5,000,000",,"5,000,000",LMS,,,0,이승미,신지수,,광고1본부_1팀
2026. 3. 4,2026년3월,1주차,교육,광고주,아이스크림에듀,아이스크림홈런,SKT 비즈챗,LMS,"50,000",,450,0.90%,,,100,"5,000,000",,"5,000,000",LMS,,,0,이승미,신지수,,광고1본부_3팀
2026. 3. 4,2026년3월,1주차,교육,광고주,아이스크림에듀,아이스크림홈런,KT,LMS,"50,000",,"3,398",6.80%,,,100,"5,000,000",,"5,000,000",LMS,,,0,이승미,신지수,,광고1본부_3팀
2026. 3. 5,2026년3월,1주차,교육,광고주,아이스크림에듀,아이스크림홈런,국민카드(직),LMS,"50,000",,901,1.80%,,,100,"5,000,000",,"5,000,000",LMS,,,0,이승미,신지수,,광고1본부_3팀
2026. 3. 9,2026년3월,2주차,교육,광고주,아이스크림에듀,아이스크림홈런,롯데카드,LMS,"50,000",,110,0.22%,,,100,"5,000,000",,"5,000,000",LMS,,,0,이승미,신지수,,광고1본부_3팀
2026. 3. 9,2026년3월,2주차,교육,광고주,아이스크림에듀,아이스크림홈런,키즈노트,LMS,"50,000",,840,1.68%,,,100,"5,000,000",,"5,000,000",LMS,,,0,이승미,신지수,,광고1본부_3팀
2026. 3. 10,2026년3월,2주차,교육,광고주,아이스크림에듀,아이스크림홈런,베이비메모리즈,LMS,"41,667",,688,1.65%,,,120,"5,000,040",,"5,000,040",LMS,,,0,이승미,신지수,,광고1본부_3팀
2026. 3. 10,2026년3월,2주차,교육,광고주,아이스크림에듀,아이스크림홈런,우리카드,LMS,"50,000",,795,1.59%,,,100,"5,000,000",,"5,000,000",LMS,,,0,이승미,신지수,,광고1본부_3팀
2026. 3. 16,2026년3월,3주차,교육,광고주,아이스크림에듀,아이스크림홈런,교보문고,LMS,"50,000",,212,0.42%,,,140,"7,000,000",,"7,000,000",LMS,,,0,이승미,신지수,,광고1본부_3팀
2026. 3. 13,2026년3월,2주차,분양,대행사,제이지파트너스,왕숙 진접 월드 메르디앙,BC카드,LMS,"50,000",,"1,252",2.50%,,,100,"5,000,000",,"5,000,000",LMS,,20%%,0,이승미,오유진,,광고1본부_1팀
2026. 3. 13,2026년3월,2주차,분양,대행사,제이지파트너스,왕숙 진접 월드 메르디앙,KT,LMS,"50,000",,"2,108",4.22%,,,100,"5,000,000",,"5,000,000",LMS,,20%%,0,이승미,오유진,,광고1본부_1팀
2026. 3. 13,2026년3월,2주차,분양,광고주,윤마루,울산 e편한세상 번영로 리더스포레,신한카드,LMS,"50,000",,"1,258",2.52%,,,100,"5,000,000",,"5,000,000",LMS,,10.0%,"500,000",이승미,오유진,,광고1본부_1팀
2026. 3. 20,2026년3월,3주차,분양,광고주,도하영,용현 학익 씨티오씨엘 ,국민카드(직),LMS,"50,000",,,0.00%,,,100,"5,000,000",,"5,000,000",LMS,,,0,이승미,오유진,,광고1본부_1팀
2026. 3. 13,2026년3월,2주차,분양,광고주,대방건설,인천 영종 대방 디에트르,신한카드,LMS,"50,000",,"1,503",3.01%,,,100,"5,000,000",,"5,000,000",LMS,,,0,이승미,오유진,,광고1본부_1팀
2026. 3. 19,2026년3월,3주차,병의원,대행사,제이지파트너스,플란치과 서울,BC카드,LMS,"50,000",,,0.00%,,,100,"5,000,000",,"5,000,000",LMS,,20%%,0,이승미,오유진,,광고1본부_1팀
2026. 3. 12,2026년3월,2주차,교육,광고주,천재교과서,밀크티,국민카드(직),LMS,"50,000",,578,1.16%,,,100,"5,000,000",,"5,000,000",LMS,,,0,이승미,신지수,,광고1본부_1팀
2026. 3. 10,2026년3월,2주차,교육,광고주,메가스터디,엘리하이,신세계포인트,LMS,"70,000",,"1,132",1.62%,,,100,"7,000,000",,"7,000,000",LMS,,,0,이윤희,이윤희,,광고1본부_3팀
2026. 3. 19,2026년3월,3주차,교육,광고주,천재교과서,밀크티,베이비프렌즈,LMS,"41,667",,,0.00%,,,120,"5,000,040",,"5,000,040",LMS,,,0,이승미,신지수,,광고1본부_1팀
2026. 3. 17,2026년3월,3주차,교육,광고주,천재교과서,밀크티,국민카드(직),LMS,"30,000","30,000",,0.00%,,,100,0,,0,LMS,,,0,이승미,신지수,,광고1본부_1팀
2026. 3. 10,2026년3월,2주차,교육,광고주,메가스터디,엠베스트,SKT 비즈챗,LMS,"30,000",,285,0.95%,,,100,"3,000,000",,"3,000,000",LMS,,,0,이윤희,이윤희,,광고1본부_3팀
2026. 3. 10,2026년3월,2주차,교육,광고주,단비교육,캐츠잉글리시,경기지역화폐,LMS,"50,000",,"1,585",3.17%,,,100,"5,000,000",,"5,000,000",LMS,,,0,이윤희,이윤희,,광고1본부_3팀
2026. 3. 10,2026년3월,2주차,교육,광고주,단비교육,캐츠잉글리시,우리카드(CNCAD),LMS,"50,000",,853,1.71%,,,100,"5,000,000",,"5,000,000",LMS,,,0,이윤희,이윤희,,광고1본부_3팀
2026. 3. 10,2026년3월,2주차,교육,광고주,단비교육,캐츠잉글리시,제로페이,LMS,"50,000",,"1,330",2.66%,,,100,"5,000,000",,"5,000,000",LMS,,,0,이윤희,이윤희,,광고1본부_3팀
2026. 3. 10,2026년3월,2주차,교육,광고주,단비교육,캐츠잉글리시,키자니아,LMS,"27,000",,611,2.26%,,,100,"2,700,000",,"2,700,000",LMS,,,0,이윤희,이윤희,,광고1본부_3팀
2026. 3. 10,2026년3월,2주차,교육,광고주,단비교육,윙크,베이비메모리즈,LMS,"22,000",,396,1.80%,,,120,"2,640,000",,"2,640,000",LMS,,,0,이윤희,이윤희,,광고1본부_3팀
2026. 3. 10,2026년3월,2주차,교육,광고주,단비교육,윙크,삼성카드,LMS,"50,000",,895,1.79%,,,100,"5,000,000",,"5,000,000",LMS,,,0,이윤희,이윤희,,광고1본부_3팀
2026. 3. 10,2026년3월,2주차,교육,광고주,단비교육,윙크,국민카드(직),LMS,"40,000",,345,0.86%,,,100,"4,000,000",,"4,000,000",LMS,,,0,이윤희,이윤희,,광고1본부_3팀
2026. 3. 10,2026년3월,2주차,교육,광고주,단비교육,윙크,베이비파스텔,LMS,"9,000",,145,1.61%,,,120,"1,080,000",,"1,080,000",LMS,,,0,이윤희,이윤희,,광고1본부_3팀
2026. 3. 11,2026년3월,2주차,뷰티,광고주,스마트투엠,로아벨문정점,BC카드(CNCAD),LMS,"30,000",,606,2.02%,,,100,"3,000,000",,"3,000,000",LMS,,,0,이윤희,이윤희,,광고1본부_3팀
2026. 3. 11,2026년3월,2주차,교육,광고주,메가스터디,엠베스트,SKT 비즈챗,LMS,"25,000",,281,1.12%,,,100,"2,500,000",,"2,500,000",LMS,,,0,이윤희,이윤희,,광고1본부_3팀
2026. 3. 11,2026년3월,2주차,교육,광고주,단비교육,캐츠잉글리시,경기지역화폐,LMS,"50,000",,965,1.93%,,,100,"5,000,000",,"5,000,000",LMS,,,0,이윤희,이윤희,,광고1본부_3팀
2026. 3. 11,2026년3월,2주차,교육,광고주,단비교육,캐츠잉글리시,에듀패밀리,LMS,"18,000",,475,2.64%,,,100,"1,800,000",,"1,800,000",LMS,,,0,이윤희,이윤희,,광고1본부_3팀
2026. 3. 11,2026년3월,2주차,교육,광고주,단비교육,캐츠잉글리시,베이비프렌즈,LMS,"25,000",,511,2.04%,,,120,"3,000,000",,"3,000,000",LMS,,,0,이윤희,이윤희,,광고1본부_3팀
2026. 3. 11,2026년3월,2주차,교육,광고주,단비교육,캐츠잉글리시,국민카드(직),LMS,"50,000",,509,1.02%,,,100,"5,000,000",,"5,000,000",LMS,,,0,이윤희,이윤희,,광고1본부_3팀
2026. 3. 11,2026년3월,2주차,교육,광고주,단비교육,캐츠잉글리시,삼성카드,LMS,"50,000",,921,1.84%,,,100,"5,000,000",,"5,000,000",LMS,,,0,이윤희,이윤희,,광고1본부_3팀
2026. 3. 12,2026년3월,2주차,교육,광고주,아이스크림에듀,아이스크림홈런,SKT 비즈챗,LMS,"50,000",,314,0.63%,,,100,"5,000,000",,"5,000,000",LMS,,,0,이승미,신지수,,광고1본부_1팀
2026. 3. 16,2026년3월,3주차,교육,광고주,아이스크림에듀,아이스크림홈런,키즈노트,LMS,"50,000",,570,1.14%,,,100,"5,000,000",,"5,000,000",LMS,,,0,이승미,신지수,,광고1본부_3팀
2026. 3. 17,2026년3월,3주차,교육,광고주,아이스크림에듀,아이스크림홈런,키즈노트,LMS,"50,000",,,0.00%,,,100,"5,000,000",,"5,000,000",LMS,,,0,이승미,신지수,,광고1본부_3팀
2026. 3. 18,2026년3월,3주차,교육,광고주,아이스크림에듀,아이스크림홈런,KT,LMS,"50,000",,,0.00%,,,100,"5,000,000",,"5,000,000",LMS,,,0,이승미,신지수,,광고1본부_3팀
2026. 3. 18,2026년3월,3주차,교육,광고주,아이스크림에듀,아이스크림홈런,키즈노트,LMS,"50,000",,,0.00%,,,100,"5,000,000",,"5,000,000",LMS,,,0,이승미,신지수,,광고1본부_3팀
2026. 3. 19,2026년3월,3주차,교육,광고주,아이스크림에듀,아이스크림홈런,국민카드,LMS,"50,000",,,0.00%,,,100,"5,000,000",,"5,000,000",LMS,,,0,이승미,신지수,,광고1본부_3팀
2026. 3. 31,2026년3월,5주차,병의원,대행사,제이지파트너스,플란치과 부평,BC카드,LMS,"50,000",,,0.00%,,,100,"5,000,000",,"5,000,000",LMS,,20%%,0,이승미,오유진,,광고1본부_1팀
2026. 3. 18,2026년3월,3주차,분양,대행사,다우기술,아틀리에 933,BC카드,LMS,"30,000",,,0.00%,,,100,"3,000,000",,"3,000,000",LMS,,10.0%,"300,000",이승미,오유진,,광고1본부_1팀
2026. 3. 27,2026년3월,4주차,분양,대행사,정원씨앤디,군산 레이크시티 아이파크,국민카드,LMS,"50,000",,,0.00%,,,100,"5,000,000",,"5,000,000",LMS,,10.0%,"500,000",이승미,오유진,,광고1본부_1팀
2026. 3. 12,2026년3월,2주차,교육,광고주,메가스터디,엠베스트,교보문고,LMS,"50,000",,100,0.20%,,,100,"5,000,000",,"5,000,000",LMS,,,0,이윤희,이윤희,,광고1본부_3팀
2026. 3. 12,2026년3월,2주차,교육,광고주,비상교육,온리원,경기지역화폐,LMS,"50,000",,"1,416",2.83%,,,100,"5,000,000",,"5,000,000",LMS,,,0,이윤희,이윤희,,광고1본부_3팀
2026. 3. 12,2026년3월,2주차,교육,광고주,단비교육,캐츠잉글리시,SKT 비즈챗,LMS,"50,000",,741,1.48%,,,100,"5,000,000",,"5,000,000",LMS,,,0,이윤희,이윤희,,광고1본부_3팀
2026. 3. 12,2026년3월,2주차,교육,광고주,단비교육,캐츠잉글리시,에듀패밀리,LMS,"19,000",,428,2.25%,,,100,"1,900,000",,"1,900,000",LMS,,,0,이윤희,이윤희,,광고1본부_3팀
2026. 3. 12,2026년3월,2주차,교육,광고주,단비교육,캐츠잉글리시,베이비프렌즈,LMS,"40,000",,571,1.43%,,,120,"4,800,000",,"4,800,000",LMS,,,0,이윤희,이윤희,,광고1본부_3팀
2026. 3. 19,2026년3월,3주차,분양,광고주,안성 금호어울림 더프라임,안성 금호어울림 더프라임,신한카드,LMS,"50,000",,,0.00%,,,100,"5,000,000",,"5,000,000",LMS,,,0,이승미,오유진,,광고1본부_1팀
2026. 2. 28,2026년2월,4주차,교육,광고주,천재교과서,밀크티,배달의민족,DA,,,,,,,,"8,910,924",,"8,910,924",,,,0,이승미,오유진,,광고1본부_1팀
2026. 3. 20,2026년3월,3주차,분양,대행사,제이지파트너스,양평역 벽산 블루밍,KT,LMS,"50,000",,,0.00%,,,100,"5,000,000",,"5,000,000",LMS,,20%%,0,이승미,오유진,,광고1본부_1팀
2026. 3. 27,2026년3월,4주차,분양,대행사,제이지파트너스,힐스테이트 안양 펠루스,KT,LMS,"30,000",,,0.00%,,,100,"3,000,000",,"3,000,000",LMS,,20%%,0,이승미,오유진,,광고1본부_1팀
2026. 3. 26,2026년3월,4주차,분양,대행사,제이지파트너스,힐스테이트 안양 펠루스,SKT 비즈챗,LMS,"30,000",,,0.00%,,,100,"3,000,000",,"3,000,000",LMS,,20%%,0,이승미,오유진,,광고1본부_1팀
2026. 4. 3,2026년4월,1주차,분양,대행사,제이지파트너스,힐스테이트 안양 펠루스,BC카드,LMS,"30,000",,,0.00%,,,100,"3,000,000",,"3,000,000",LMS,,20%%,0,이승미,오유진,,광고1본부_1팀
2026. 3. 16,2026년3월,3주차,교육,광고주,비상교육,온리원,신세계포인트,LMS,"60,000","10,000","1,120",1.87%,28,,100,"5,000,000",,"5,000,000",LMS,,,0,이윤희,이윤희,,광고1본부_3팀
2026. 3. 16,2026년3월,3주차,교육,광고주,비상교육,온리원,신한카드,LMS,"50,000",,766,1.53%,22,,100,"5,000,000",,"5,000,000",LMS,,,0,이윤희,이윤희,,광고1본부_3팀
2026. 3. 17,2026년3월,3주차,교육,광고주,단비교육,윙크,신세계포인트,LMS,"60,000","10,000","1,061",1.77%,,,100,"5,000,000",,"5,000,000",LMS,,,0,이윤희,이윤희,,광고1본부_3팀
2026. 3. 17,2026년3월,3주차,교육,광고주,단비교육,윙크,SKT 비즈챗,LMS,"50,000",,375,0.75%,,,100,"5,000,000",,"5,000,000",LMS,,,0,이윤희,이윤희,,광고1본부_3팀
2026. 3. 17,2026년3월,3주차,교육,광고주,단비교육,윙크,롯데카드,LMS,"50,000",,225,0.45%,,,100,"5,000,000",,"5,000,000",LMS,,,0,이윤희,이윤희,,광고1본부_3팀
2026. 3. 17,2026년3월,3주차,교육,광고주,비상교육,온리원,신세계포인트,LMS,"60,000","10,000",887,1.48%,17,,100,"5,000,000",,"5,000,000",LMS,,,0,이윤희,이윤희,,광고1본부_3팀
2026. 3. 17,2026년3월,3주차,교육,광고주,단비교육,캐츠잉글리시,제로페이,LMS,"35,000",,697,1.99%,,,100,"3,500,000",,"3,500,000",LMS,,,0,이윤희,이윤희,,광고1본부_3팀
2026. 3. 17,2026년3월,3주차,교육,광고주,단비교육,캐츠잉글리시,삼성카드,LMS,"60,000",,"1,521",2.54%,,,100,"6,000,000",,"6,000,000",LMS,,,0,이윤희,이윤희,,광고1본부_3팀
2026. 3. 18,2026년3월,3주차,교육,광고주,단비교육,캐츠잉글리시,제로페이,LMS,"35,000",,600,1.71%,,,100,"3,500,000",,"3,500,000",LMS,,,0,이윤희,이윤희,,광고1본부_3팀
2026. 3. 18,2026년3월,3주차,교육,광고주,단비교육,캐츠잉글리시,삼성카드,LMS,"60,000",,"1,424",2.37%,,,100,"6,000,000",,"6,000,000",LMS,,,0,이윤희,이윤희,,광고1본부_3팀
2026. 3. 18,2026년3월,3주차,교육,광고주,단비교육,캐츠잉글리시,아이보리,LMS,"32,000",,446,1.39%,,,100,"3,200,000",,"3,200,000",LMS,,,0,이윤희,이윤희,,광고1본부_3팀
2026. 3. 18,2026년3월,3주차,교육,광고주,단비교육,캐츠잉글리시,에듀패밀리,LMS,"5,300",,155,2.92%,,,100,"530,000",,"530,000",LMS,,,0,이윤희,이윤희,,광고1본부_3팀
2026. 3. 18,2026년3월,3주차,교육,광고주,비상교육,온리원,SKT 비즈챗,LMS,"50,000",,441,0.88%,11,,100,"5,000,000",,"5,000,000",LMS,,,0,이윤희,이윤희,,광고1본부_3팀
2026. 3. 18,2026년3월,3주차,교육,광고주,비상교육,온리원,퍼핀,LMS,"50,000",,"1,205",2.41%,21,,100,"5,000,000",,"5,000,000",LMS,,,0,이윤희,이윤희,,광고1본부_3팀
2026. 3. 19,2026년3월,3주차,교육,광고주,단비교육,캐츠잉글리시,국민카드(직),LMS,"30,000","10,000",165,0.55%,,,100,"2,000,000",,"2,000,000",LMS,,,0,이윤희,이윤희,,광고1본부_3팀
2026. 3. 19,2026년3월,3주차,교육,광고주,단비교육,캐츠잉글리시,베이비프렌즈,LMS,"29,000",,592,2.04%,,,120,"3,480,000",,"3,480,000",LMS,,,0,이윤희,이윤희,,광고1본부_3팀
2026. 2. 28,2026년2월,4주차,금융,대행사,팀민트,메리츠화재 펫보험,롯데카드,SOS,"29,602",,,0.00%,,,80,"2,368,160",,"2,368,160",LMS,,5%,"118,408",김영현,김영현,,광고1본부_2팀
2026. 3. 27,2026년3월,4주차,분양,대행사,제이지파트너스,왕숙 진접 월드 메르디앙,BC카드,LMS,"50,000",,,0.00%,,,100,"5,000,000",,"5,000,000",LMS,,20%%,0,이승미,오유진,,광고1본부_1팀
2026. 3. 25,2026년3월,4주차,분양,대행사,제이지파트너스,왕숙 진접 월드 메르디앙,KT,LMS,"50,000",,,0.00%,,,100,"5,000,000",,"5,000,000",LMS,,20%%,0,이승미,오유진,,광고1본부_1팀
2026. 4. 3,2026년4월,1주차,분양,광고주,도하영,용현 학익 씨티오씨엘 ,삼성카드,LMS,"50,000",,,0.00%,,,100,"5,000,000",,"5,000,000",LMS,,,0,이승미,오유진,,광고1본부_1팀
2026. 3. 20,2026년3월,3주차,교육,광고주,단비교육,윙크,베이비프렌즈,LMS,"24,000",,383,1.60%,,,120,"2,880,000",,"2,880,000",LMS,,,0,이윤희,이윤희,,광고1본부_3팀
2026. 3. 20,2026년3월,3주차,교육,광고주,단비교육,윙크,아이보리,LMS,"37,000",,276,0.75%,,,100,"3,700,000",,"3,700,000",LMS,,,0,이윤희,이윤희,,광고1본부_3팀
2026. 3. 20,2026년3월,3주차,교육,광고주,단비교육,윙크,키자니아,LMS,"17,500",,345,1.97%,,,100,"1,750,000",,"1,750,000",LMS,,,0,이윤희,이윤희,,광고1본부_3팀
2026. 3. 27,2026년3월,4주차,분양,대행사,제이지파트너스,해링턴 플레이스 목감역,BC카드,LMS,"30,000",,,0.00%,,,100,"3,000,000",,"3,000,000",LMS,,20%%,0,이승미,오유진,,광고1본부_1팀
2026. 3. 26,2026년3월,4주차,생활용품,광고주,P&G,팸퍼스,KT,LMS,"50,000",,,0.00%,,,100,"5,000,000",,"5,000,000",LMS,,0,0,박민호,박민호,,광고2본부_1팀
2026. 3. 30,2026년3월,5주차,생활용품,광고주,P&G,팸퍼스,SKT 비즈챗,LMS,"100,000",,,0.00%,,,100,"10,000,000",,"10,000,000",LMS,,0,0,박민호,박민호,,광고2본부_1팀
2026. 4. 1,2026년4월,1주차,뷰티,광고주,한국오츠카제약주식회사,이너시그널,BC카드,LMS,"30,000",,,0.00%,,,100,"3,000,000",,"3,000,000",LMS,,,0,박민호,박민호,,광고2본부_1팀
2026. 3. 26,2026년3월,4주차,분양,대행사,제이지파트너스,양평역 벽산 블루밍,KT,LMS,"50,000",,,0.00%,,,100,"5,000,000",,"5,000,000",LMS,,20%%,0,이승미,오유진,,광고1본부_1팀
2026. 3. 27,2026년3월,4주차,분양,대행사,제이지파트너스,양평역 벽산 블루밍,신한카드,LMS,"50,000",,,0.00%,,,100,"5,000,000",,"5,000,000",LMS,,20%%,0,이승미,오유진,,광고1본부_1팀
2026. 3. 27,2026년3월,4주차,분양,대행사,제이지파트너스,양평역 벽산 블루밍,KT,LMS,"50,000",,,0.00%,,,100,"5,000,000",,"5,000,000",LMS,,20%%,0,이승미,오유진,,광고1본부_1팀
2026. 4. 17,2026년4월,3주차,분양,대행사,가비아컴,평촌 롯데캐슬 르씨엘,신한카드,LMS,"50,000",,,0.00%,,,100,"5,000,000",,"5,000,000",LMS,,13.0%,"650,000",이승미,오유진,,광고1본부_1팀
